Workbook

Sheet ფართები
A1: lisi saxli - 12
B3: TariRi | C3: 45590 | D3: $ | E3: 2.71
A5: # | B5: sarTuli | C5: samS. farTi | D5: sasarg. farTi | E5: %
A6: 1 | B6: 2 | C6: 3 | D6: 4 | E6: 5
A7: 1 | B7: saZirkveli | C7: =(21.1*15.2)*3 -> 962.16 | D7: 603.6 | E7: =D7/C7 -> 0.62733849
A8: 2 | B8: 1 | C8: =(21.1*15.2)*3 -> 962.16 | D8: 649.1 | E8: =D8/C8 -> 0.67462792
A9: 3 | B9: 2 | C9: =(21.1*15.2)*3+8.3+9.9+0.63+0.63+8.3+9.9+0.63+0.63+8.28+8.28+7.1+7.1 -> 1031.84 | D9: 788.9 | E9: =D9/C9 -> 0.76455652
A10: 4 | B10: 3 | C10: =(21.1*15.2)*3+8.3+9.9+0.63+0.63+8.3+9.9+0.63+0.63+8.28+8.28+7.1+7.1 -> 1031.84 | D10: 788.9 | E10: =D10/C10 -> 0.76455652
A11: 5 | B11: 4 | C11: =(21.1*15.2)*3+8.3+9.9+0.63+0.63+8.3+9.9+0.63+0.63+8.28+8.28+7.1+7.1 -> 1031.84 | D11: 788.9 | E11: =D11/C11 -> 0.76455652
A12: 6 | B12: saxuravi | C12: =(21.1*15.2)*3+8.3+9.9+8.3+9.9+8.28+8.28+7.1+7.1 -> 1029.32
B13: jami | C13: =SUM(C7:C12) -> 6049.16 | D13: =SUM(D7:D12) -> 3619.4 | E13: =D13/C13 -> 0.59833101
D17: 1ლ/m2 | E17: 1$/m2
A18: qvabuli | B18: =ბიუჯეტი!K25 -> 177948.8 | D18: =B18/C13 -> 29.417108 | E18: =D18/E3 -> 10.855022
A19: Savi karkasi | B19: =ბიუჯეტი!K59 -> 2684765 | D19: =B19/C13 -> 443.82444 | E19: =D19/E3 -> 163.77286
A20: TeTri karkasi | B20: =ბიუჯეტი!K502 -> 3971935.4 | D20: =B20/C13 -> 656.60941 | E20: =D20/E3 -> 242.29129
D21: =SUM(D18:D20) -> 1129.851 | E21: =SUM(E18:E20) -> 416.91917
B25: 9 10 | D25: 1ლ/m2 | E25: 1$/m2
A26: qvabuli | B26: 212951.22 | D26: 35.108543 | E26: 12.787203
A27: Savi karkasi | B27: 2687533 | D27: 443.08442 | E27: 161.37981
A28: TeTri karkasi | B28: 3887861.7 | D28: 640.97853 | E28: 233.45663
D29: 1119.1715 | E29: 407.62365

Sheet ბიუჯეტი
A1: q. TbilisSi, lisi
A2: sacxovrebeli saxlis winaswari xarjTaRricxva
A3: saxli #12
A4: xarjTaRricxva
A6: # | B6: samuSaos dasaxeleba | C6: gan/ba | D6: raod. | E6: masala, erT | F6: masala, sul | G6: xelf, erT | H6: xelf, sul | I6: moms. erT | J6: moms, sul | K6: jami
A7: 1 | B7: 2 | C7: 3 | D7: 4 | E7: 5 | F7: 6 | G7: 7 | H7: 8 | I7: 9 | J7: 10 | K7: 11
B8: qvabulis samuSao
A9: 1 | B9: qvabulis mowyoba | C9: m2 | D9: =SUM(D10:D13) -> 4909.6034 | E9: =SUM(F10:F13)/D9 -> 0 | F9: =D9*E9 -> 0 | G9: 0 | H9: =D9*G9 -> 0 | I9: 18.7 | J9: =I9*D9 -> 91809.584 | K9: =F9+H9+J9 -> 91809.584
B10: qvabulis amoReba | C10: m3 | D10: =(20*69)*2.1*1.3 -> 3767.4 | E10: 0 | F10: 0 | G10: 0 | H10: =D10*G10 -> 0 | I10: 0 | J10: =I10*D10 -> 0 | K10: =F10+H10+J10 -> 0
B11: liftis Saxtis ormos amoReba | C11: m3 | D11: =(4.7*4.5*2*1.3)*3 -> 164.97 | E11: 0 | F11: =D11*E11 -> 0 | G11: 0 | H11: =D11*G11 -> 0 | I11: 0 | J11: =I11*D11 -> 0 | K11: =F11+H11+J11 -> 0
B12: amwis adgilis mosworeba | C12: m3 | D12: =(47*6*0.7+39*8*0.65)*1.3 -> 520.26 | E12: 0 | F12: =D12*E12 -> 0 | G12: 0 | H12: =D12*G12 -> 0 | I12: 0 | J12: =I12*D12 -> 0 | K12: =F12+H12+J12 -> 0
B13: svetis ormos amoReba | C13: m3 | D13: =((2*2*2.5*3)+(2*2*1.4*2)+(2*2*1*3)+(2.7*2*2.2*2)+(2.7*2*3)+(4.7*2*1.8)+(2*2*1*4)+(2*2*2.3*2)+(4.7*2*1.5)+(12.2*2.7*2.7)+(2*2*3.4)+(2*2*1.4*3)+(2*2*2.2*2)+(2*2*3.1*3)+(4.7*2*2))*1.3 -> 456.9734 | E13: 0 | F13: =D13*E13 -> 0 | G13: 0 | H13: =D13*G13 -> 0 | I13: 0 | J13: =I13*D13 -> 0 | K13: =F13+H13+J13 -> 0
A14: 2 | B14: kodaliT muSaoba | C14: dRe | D14: 20 | E14: 0 | F14: =D14*E14 -> 0 | H14: =D14*G14 -> 0 | I14: =1400/1.18 -> 1186.4407 | J14: =I14*D14 -> 23728.814 | K14: =F14+H14+J14 -> 23728.814
B15: jami | F15: =F14+F9 -> 0 | H15: =H14+H9 -> 0 | J15: =J14+J9 -> 115538.4 | K15: =K14+K9 -> 115538.4
B16: zednadebi xarji | C16: 0.074 | K16: =K15*C16 -> 8549.8414
B17: jami | K17: =SUM(K15:K16) -> 124088.24
B18: yalibi | C18: 0.03 | K18: =K17*C18 -> 3722.6472
B19: jami | K19: =SUM(K17:K18) -> 127810.89
B20: teqnika | C20: 0.035 | K20: =K19*C20 -> 4473.381
B21: jami | K21: =SUM(K19:K20) -> 132284.27
B22: mogeba | C22: 0.14 | K22: =K21*C22 -> 18519.797
B23: jami | K23: =SUM(K21:K22) -> 150804.06
B24: dRg | C24: 0.18 | K24: =K23*C24 -> 27144.732
B25: mTliani | K25: =SUM(K23:K24) -> 177948.8
A27: # | B27: samuSaos dasaxeleba | C27: gan/ba | D27: raod. | E27: masala, erT | F27: masala, sul | G27: xelf, erT | H27: xelf, sul | I27: moms. erT | J27: moms, sul | K27: jami
A28: 1 | B28: 2 | C28: 3 | D28: 4 | E28: 5 | F28: 6 | G28: 7 | H28: 8 | I28: 9 | J28: 10 | K28: 11
B29: konstruqciuli nawili
A30: 1 | B30: rkinabetonis karkasi | C30: m2 | D30: =D31 -> 7525.247 | E30: =SUM(F31:F42)/D30 -> 139.28843 | F30: =D30*E30 -> 1048179.9 | G30: =SUM(H31:H42)/D30 -> 64.96989 | H30: =D30*G30 -> 488914.47 | I30: =SUM(J31:J42)/D30 -> 6.9729993 | J30: =I30*D30 -> 52473.542 | K30: =F30+H30+J30 -> 1589567.9
B31: karkasis mowyoba | C31: m2 | D31: =სამუშაო!I111 -> 7525.247 | F31: 0 | G31: =ხელფასი!D3 -> 63.75 | H31: =D31*G31 -> 479734.5 | K31: =F31+H31+J31 -> 479734.5
B32: betoni b-7.5 | C32: m3 | D32: =60*1.02 -> 61.2 | E32: =მასალა!D5 -> 173.72881 | F32: =D32*E32 -> 10632.203 | H32: =D32*G32 -> 0 | I32: =1000/1.18 -> 847.45763 | J32: =I32*6 -> 5084.7458 | K32: =F32+H32+J32 -> 15716.949
B33: betoni b-25 | C33: m3 | D33: =1870*1.02 -> 1907.4 | E33: =მასალა!D6 -> 219.49153 | F33: =D33*E33 -> 418658.14 | H33: =D33*G33 -> 0 | K33: =F33+H33+J33 -> 418658.14
B34: Sveleris mowyoba | C34: grZ.m | D34: =321.6*1.1194 -> 359.99904 | E34: =მასალა!D9 -> 98.305085 | F34: =D34*E34 -> 35389.736 | G34: =ხელფასი!D42 -> 25.5 | H34: =D34*G34 -> 9179.9755 | I34: 8 | J34: =I34*D34 -> 2879.9923 | K34: =F34+H34+J34 -> 47449.704
B35: liTonis furclis mowyoba | C35: grZ.m | D35: =(3.1*8+3.7*8+2.6*6)*1.1 -> 77 | E35: 0 | F35: =D35*E35 -> 0 | G35: 0 | H35: =D35*G35 -> 0 | I35: =მომსახურება!D27 -> 177.9661 | J35: =I35*D35+1500 -> 15203.39 | K35: =F35+H35+J35 -> 15203.39
B36: armatura a240 | C36: t | D36: 0 | E36: =მასალა!$D$7 -> 1906.1864 | F36: =D36*E36 -> 0 | H36: =D36*G36 -> 0 | K36: =F36+H36+J36 -> 0
B37: armatura a500 | C37: t | D37: =239.843388295*1.05 -> 251.83556 | E37: =მასალა!$D$7 -> 1906.1864 | F37: =D37*E37 -> 480045.53 | H37: =D37*G37 -> 0 | K37: =F37+H37+J37 -> 480045.53
B38: Savi karkasis damxmare masala | C38: m2 | D38: =$D$31 -> 7525.247 | E38: =SUMIFS(მასალა!D3:D112,მასალა!B3:B112,ბიუჯეტი!B38) -> 10.169492 | F38: =D38*E38 -> 76527.936 | H38: =D38*G38 -> 0 | K38: =F38+H38+J38 -> 76527.936
B39: betonis Semowmeba kubikebiT | C39: cali | D39: =D33*0.15 -> 286.11 | E39: 0 | F39: =D39*E39 -> 0 | H39: =D39*G39 -> 0 | I39: =მომსახურება!D26 -> 42.372881 | J39: =I39*D39 -> 12123.305 | K39: =F39+H39+J39 -> 12123.305
B40: geodeziuri momsaxureba | C40: cali | D40: 27 | E40: 0 | F40: =D40*E40 -> 0 | H40: =D40*G40 -> 0 | I40: =მომსახურება!D25 -> 466.10169 | J40: =I40*D40 -> 12584.746 | K40: =F40+H40+J40 -> 12584.746
B41: RorRi 10*20 | C41: m3 | D41: =64.5*15.8*0.12*1.02+30 -> 154.73784 | E41: =მასალა!D4 -> 38.135593 | F41: =D41*E41 -> 5901.0193 | H41: =G41*D41 -> 0 | I41: =7/1.18 -> 5.9322034 | J41: =I41*D41 -> 917.93634 | K41: =F41+H41+J41 -> 6818.9557
B42: inertuli masala | C42: m3 | D42: =(65.5+16.5)*1.5*3.2*1.3+65.5*0.85*1.5*1.3 -> 620.24625 | E42: =მასალა!D3 -> 33.898305 | F42: =D42*E42 -> 21025.297 | H42: =G42*D42 -> 0 | I42: =7/1.18 -> 5.9322034 | J42: =I42*D42 -> 3679.4269 | K42: =F42+H42+J42 -> 24704.724
A43: 2 | B43: saZirkvlis betonis kedlebis hidroizolacia | C43: m2 | D43: =(61.7+15.2)*3.15+(61.7*0.85) -> 294.68 | E43: =SUM(F44:F46)/D43 -> 2.6271186 | F43: =D43*E43 -> 774.15932 | G43: =SUM(H44:H46)/D43 -> 0 | H43: =G43*D43 -> 0 | I43: =მომსახურება!D33 -> 53.389831 | J43: =D43*I43 -> 15732.915 | K43: =F43+H43+J43 -> 16507.075
B44: hidroizolacia wasasmeli | C44: m2 | D44: =D43 -> 294.68 | F44: =D44*E44 -> 0 | G44: 0 | H44: =D44*G44 -> 0 | J44: =D44*I44 -> 0 | K44: =F44+H44+J44 -> 0
B45: ips 2sm ni | C45: m2 | D45: =D44*1.05 -> 309.414 | E45: =მასალა!D91 -> 1.6949153 | F45: =D45*E45 -> 524.43051 | H45: =D45*G45 -> 0 | K45: =F45+H45 -> 524.43051
B46: damxmare masala hidroizolacia | C46: m2 | D46: =D44 -> 294.68 | E46: =მასალა!D95 -> 0.84745763 | F46: =D46*E46 -> 249.72881 | H46: =D46*G46 -> 0 | K46: =F46+H46 -> 249.72881
A47: 3 | B47: usafrTxoebis xarji | C47: Tve | D47: 3 | E47: =9500/1.18 -> 8050.8475 | F47: =D47*E47 -> 24152.542 | H47: =D47*G47 -> 0 | I47: =9500/1.18 -> 8050.8475 | J47: =I47*D47 -> 24152.542 | K47: =F47+H47+J47 -> 48305.085
A48: 4 | B48: dRiuri muSebi | C48: kac/dRe | D48: 60 | F48: =D48*E48 -> 0 | G48: =4*80*1.275 -> 408 | H48: =G48*D48 -> 24480 | I48: 0 | J48: 0 | K48: =F48+H48 -> 24480
B49: jami | F49: =F48+F47+F30+F43 -> 1073106.6 | H49: =H48+H47+H30+H43 -> 513394.47 | J49: =J48+J47+J30+J43 -> 92359 | K49: =K48+K47+K30+K43 -> 1678860
B50: zednadebi xarji | C50: 0.074 | K50: =K49*C50 -> 124235.64
B51: jami | K51: =SUM(K49:K50) -> 1803095.7
B52: yalibi | C52: 0.0465 | K52: =K51*C52 -> 83843.949
B53: jami | K53: =SUM(K51:K52) -> 1886939.6
B54: teqnika | C54: 0.035 | K54: =K53*C54 -> 66042.887
B55: jami | K55: =SUM(K53:K54) -> 1952982.5
B56: mogeba | C56: 0.165 | K56: =K55*C56 -> 322242.11
B57: jami | K57: =SUM(K55:K56) -> 2275224.6
B58: dRg | C58: 0.18 | K58: =K57*C58 -> 409540.43
B59: mTliani | K59: =SUM(K57:K58) -> 2684765
B61: TeTri karkasi | M61: raod. | N61: masala, erT | O61: masala, sul | P61: xelf, erT | Q61: xelf, sul | R61: moms. erT | S61: moms, sul | T61: jami | V61: მასალა | W61: ხელფასი | X61: მომსახურება
A62: 1 | B62: blokis wyoba 20 | C62: m2 | D62: =SUM(,D63,D72,D81) -> 4153.3832 | E62: =SUM(F82:F89,F73:F80,F64:F71,)/D62 -> 27.237429 | F62: =D62*E62 -> 113127.48 | G62: =SUM(H86,H81,H77,H72,H65,H63,)/D62 -> 24.350602 | H62: =G62*D62 -> 101137.38 | I62: 0 | J62: 0 | K62: =F62+H62+J62 -> 214264.86 | M62: =VLOOKUP($B62,[1]ბიუჯეტი!$B:$K,3,FALSE) -> 4151.969 | N62: =VLOOKUP($B62,[1]ბიუჯეტი!$B:$K,4,FALSE) -> 27.127081 | O62: =VLOOKUP($B62,[1]ბიუჯეტი!$B:$K,5,FALSE) -> 112630.8 | P62: =VLOOKUP($B62,[1]ბიუჯეტი!$B:$K,6,FALSE) -> 24.242506 | Q62: =VLOOKUP($B62,[1]ბიუჯეტი!$B:$K,7,FALSE) -> 100654.13 | R62: =VLOOKUP($B62,[1]ბიუჯეტი!$B:$K,8,FALSE) -> 0 | S62: =VLOOKUP($B62,[1]ბიუჯეტი!$B:$K,9,FALSE) -> 0 | T62: =VLOOKUP($B62,[1]ბიუჯეტი!$B:$K,10,FALSE) -> 213284.93 | V62: =E62-N62 -> 0.1103474 | W62: =G62-P62 -> 0.10809548 | X62: =I62-R62 -> 0 | Y62: =D62-M62 -> 1.4142
A63: 1 | B63: blokis wyoba 20 niS -2.30 | C63: m2 | D63: =სამუშაო!I4 -> 722.3376 | F63: =D63*E63 -> 0 | G63: =ხელფასი!D4 -> 23.90625 | H63: =D63*G63 -> 17268.383 | K63: =F63+H63 -> 17268.383 | M63: =VLOOKUP(B63,[1]ბიუჯეტი!$B:$K,3,FALSE) -> 658.108 | N63: =VLOOKUP($B63,[1]ბიუჯეტი!$B:$K,4,FALSE) -> 0 | O63: =VLOOKUP($B63,[1]ბიუჯეტი!$B:$K,5,FALSE) -> 0 | P63: =VLOOKUP($B63,[1]ბიუჯეტი!$B:$K,6,FALSE) -> 23.90625 | Q63: =VLOOKUP($B63,[1]ბიუჯეტი!$B:$K,7,FALSE) -> 15732.894 | R63: =VLOOKUP($B63,[1]ბიუჯეტი!$B:$K,8,FALSE) -> 0 | S63: =VLOOKUP($B63,[1]ბიუჯეტი!$B:$K,9,FALSE) -> 0 | T63: =VLOOKUP($B63,[1]ბიუჯეტი!$B:$K,10,FALSE) -> 15732.894 | V63: =E63-N63 -> 0 | W63: =G63-P63 -> 0 | X63: =I63-R63 -> 0 | Y63: =D63-M63 -> 64.2296
B64: bloki 20-iani | C64: c | D64: =D63*13 -> 9390.3888 | E64: =SUMIFS(მასალა!D3:D139,მასალა!B3:B139,ბიუჯეტი!B64) -> 1.6694915 | F64: =D64*E64 -> 15677.175 | H64: =D64*G64 -> 0 | K64: =F64+H64 -> 15677.175 | M64: =VLOOKUP(B64,[1]ბიუჯეტი!$B:$K,3,FALSE) -> 8555.404 | N64: =VLOOKUP($B64,[1]ბიუჯეტი!$B:$K,4,FALSE) -> 1.6694915 | O64: =VLOOKUP($B64,[1]ბიუჯეტი!$B:$K,5,FALSE) -> 14283.174 | P64: =VLOOKUP($B64,[1]ბიუჯეტი!$B:$K,6,FALSE) -> 0 | Q64: =VLOOKUP($B64,[1]ბიუჯეტი!$B:$K,7,FALSE) -> 0 | R64: =VLOOKUP($B64,[1]ბიუჯეტი!$B:$K,8,FALSE) -> 0 | S64: =VLOOKUP($B64,[1]ბიუჯეტი!$B:$K,9,FALSE) -> 0 | T64: =VLOOKUP($B64,[1]ბიუჯეტი!$B:$K,10,FALSE) -> 14283.174 | V64: =E64-N64 -> 0 | W64: =G64-P64 -> 0 | X64: =I64-R64 -> 0 | Y64: =D64-M64 -> 834.9848
B65: sartyeli | C65: grZ.m | D65: =სამუშაო!H4 -> 7.5 | E65: =SUMIFS(მასალა!D4:D140,მასალა!B4:B140,ბიუჯეტი!B65) -> 0 | F65: =D65*E65 -> 0 | G65: =ხელფასი!D6 -> 51 | H65: =D65*G65 -> 382.5 | K65: =F65+H65 -> 382.5 | M65: =VLOOKUP(B65,[1]ბიუჯეტი!$B:$K,3,FALSE) -> 3 | N65: =VLOOKUP($B65,[1]ბიუჯეტი!$B:$K,4,FALSE) -> 0 | O65: =VLOOKUP($B65,[1]ბიუჯეტი!$B:$K,5,FALSE) -> 0 | P65: =VLOOKUP($B65,[1]ბიუჯეტი!$B:$K,6,FALSE) -> 44.625 | Q65: =VLOOKUP($B65,[1]ბიუჯეტი!$B:$K,7,FALSE) -> 133.875 | R65: =VLOOKUP($B65,[1]ბიუჯეტი!$B:$K,8,FALSE) -> 0 | S65: =VLOOKUP($B65,[1]ბიუჯეტი!$B:$K,9,FALSE) -> 0 | T65: =VLOOKUP($B65,[1]ბიუჯეტი!$B:$K,10,FALSE) -> 133.875 | V65: =E65-N65 -> 0 | W65: =G65-P65 -> 6.375 | X65: =I65-R65 -> 0 | Y65: =D65-M65 -> 4.5
B66: betoni b-25 | C66: მ3 | D66: =(D65+D68)*0.2*0.4*1.05 -> 1.008 | E66: =SUMIFS(მასალა!D3:D141,მასალა!B3:B141,ბიუჯეტი!B66) -> 219.49153 | F66: =D66*E66 -> 221.24746 | H66: =D66*G66 -> 0 | K66: =F66+H66 -> 221.24746 | M66: =VLOOKUP(B66,[1]ბიუჯეტი!$B:$K,3,FALSE) -> 1850.79 | N66: =VLOOKUP($B66,[1]ბიუჯეტი!$B:$K,4,FALSE) -> 219.49153 | O66: =VLOOKUP($B66,[1]ბიუჯეტი!$B:$K,5,FALSE) -> 406232.72 | P66: =VLOOKUP($B66,[1]ბიუჯეტი!$B:$K,6,FALSE) -> 0 | Q66: =VLOOKUP($B66,[1]ბიუჯეტი!$B:$K,7,FALSE) -> 0 | R66: =VLOOKUP($B66,[1]ბიუჯეტი!$B:$K,8,FALSE) -> 0 | S66: =VLOOKUP($B66,[1]ბიუჯეტი!$B:$K,9,FALSE) -> 0 | T66: =VLOOKUP($B66,[1]ბიუჯეტი!$B:$K,10,FALSE) -> 406232.72 | V66: =E66-N66 -> 0 | W66: =G66-P66 -> 0 | X66: =I66-R66 -> 0 | Y66: =D66-M66 -> -1849.782
B67: armatura a500 | C67: ტონა | D67: 0.015 | E67: =SUMIFS(მასალა!D3:D142,მასალა!B3:B142,ბიუჯეტი!B67) -> 0 | F67: =D67*E67 -> 0 | H67: =D67*G67 -> 0 | K67: =F67+H67 -> 0 | M67: =VLOOKUP(B67,[1]ბიუჯეტი!$B:$K,3,FALSE) -> 228.13875 | N67: =VLOOKUP($B67,[1]ბიუჯეტი!$B:$K,4,FALSE) -> 1931.2271 | O67: =VLOOKUP($B67,[1]ბიუჯეტი!$B:$K,5,FALSE) -> 440587.74 | P67: =VLOOKUP($B67,[1]ბიუჯეტი!$B:$K,6,FALSE) -> 0 | Q67: =VLOOKUP($B67,[1]ბიუჯეტი!$B:$K,7,FALSE) -> 0 | R67: =VLOOKUP($B67,[1]ბიუჯეტი!$B:$K,8,FALSE) -> 0 | S67: =VLOOKUP($B67,[1]ბიუჯეტი!$B:$K,9,FALSE) -> 0 | T67: =VLOOKUP($B67,[1]ბიუჯეტი!$B:$K,10,FALSE) -> 440587.74 | V67: =E67-N67 -> -1931.2271 | W67: =G67-P67 -> 0 | X67: =I67-R67 -> 0 | Y67: =D67-M67 -> -228.12375
B68: zRudari | C68: გრძ/მ | D68: =სამუშაო!G4 -> 4.5 | E68: =SUMIFS(მასალა!D4:D143,მასალა!B4:B143,ბიუჯეტი!B68) -> 0 | F68: =D68*E68 -> 0 | H68: =D68*G68 -> 0 | K68: =F68+H68 -> 0 | M68: =VLOOKUP(B68,[1]ბიუჯეტი!$B:$K,3,FALSE) -> 4 | N68: =VLOOKUP($B68,[1]ბიუჯეტი!$B:$K,4,FALSE) -> 0 | O68: =VLOOKUP($B68,[1]ბიუჯეტი!$B:$K,5,FALSE) -> 0 | P68: =VLOOKUP($B68,[1]ბიუჯეტი!$B:$K,6,FALSE) -> 0 | Q68: =VLOOKUP($B68,[1]ბიუჯეტი!$B:$K,7,FALSE) -> 0 | R68: =VLOOKUP($B68,[1]ბიუჯეტი!$B:$K,8,FALSE) -> 0 | S68: =VLOOKUP($B68,[1]ბიუჯეტი!$B:$K,9,FALSE) -> 0 | T68: =VLOOKUP($B68,[1]ბიუჯეტი!$B:$K,10,FALSE) -> 0 | V68: =E68-N68 -> 0 | W68: =G68-P68 -> 0 | X68: =I68-R68 -> 0 | Y68: =D68-M68 -> 0.5
B69: qviSa | C69: m3 | D69: =D63*0.03*1.05 -> 22.753634 | E69: =SUMIFS(მასალა!D3:D143,მასალა!B3:B143,ბიუჯეტი!B69) -> 59.322034 | F69: =D69*E69 -> 1349.7919 | H69: =D69*G69 -> 0 | K69: =F69+H69 -> 1349.7919 | M69: =VLOOKUP(B69,[1]ბიუჯეტი!$B:$K,3,FALSE) -> 20.730402 | N69: =VLOOKUP($B69,[1]ბიუჯეტი!$B:$K,4,FALSE) -> 59.322034 | O69: =VLOOKUP($B69,[1]ბიუჯეტი!$B:$K,5,FALSE) -> 1229.7696 | P69: =VLOOKUP($B69,[1]ბიუჯეტი!$B:$K,6,FALSE) -> 0 | Q69: =VLOOKUP($B69,[1]ბიუჯეტი!$B:$K,7,FALSE) -> 0 | R69: =VLOOKUP($B69,[1]ბიუჯეტი!$B:$K,8,FALSE) -> 0 | S69: =VLOOKUP($B69,[1]ბიუჯეტი!$B:$K,9,FALSE) -> 0 | T69: =VLOOKUP($B69,[1]ბიუჯეტი!$B:$K,10,FALSE) -> 1229.7696 | V69: =E69-N69 -> 0 | W69: =G69-P69 -> 0 | X69: =I69-R69 -> 0 | Y69: =D69-M69 -> 2.0232324
B70: cementi m300 | C70: t | D70: =D69/4*1.05 -> 5.972829 | E70: =SUMIFS(მასალა!D3:D144,მასალა!B3:B144,ბიუჯეტი!B70) -> 265.5 | F70: =D70*E70 -> 1585.7861 | H70: =D70*G70 -> 0 | K70: =F70+H70 -> 1585.7861 | M70: =VLOOKUP(B70,[1]ბიუჯეტი!$B:$K,3,FALSE) -> 5.4417305 | N70: =VLOOKUP($B70,[1]ბიუჯეტი!$B:$K,4,FALSE) -> 265.47458 | O70: =VLOOKUP($B70,[1]ბიუჯეტი!$B:$K,5,FALSE) -> 1444.6411 | P70: =VLOOKUP($B70,[1]ბიუჯეტი!$B:$K,6,FALSE) -> 0 | Q70: =VLOOKUP($B70,[1]ბიუჯეტი!$B:$K,7,FALSE) -> 0 | R70: =VLOOKUP($B70,[1]ბიუჯეტი!$B:$K,8,FALSE) -> 0 | S70: =VLOOKUP($B70,[1]ბიუჯეტი!$B:$K,9,FALSE) -> 0 | T70: =VLOOKUP($B70,[1]ბიუჯეტი!$B:$K,10,FALSE) -> 1444.6411 | V70: =E70-N70 -> 0.025423729 | W70: =G70-P70 -> 0 | X70: =I70-R70 -> 0 | Y70: =D70-M70 -> 0.5310985
B71: blokis damxmare masala | C71: m2 | D71: =D63 -> 722.3376 | E71: =SUMIFS(მასალა!D9:D145,მასალა!B9:B145,ბიუჯეტი!B71) -> 0.84745763 | F71: =D71*E71 -> 612.15051 | H71: =D71*G71 -> 0 | K71: =F71+H71 -> 612.15051 | M71: =VLOOKUP(B71,[1]ბიუჯეტი!$B:$K,3,FALSE) -> 658.108 | N71: =VLOOKUP($B71,[1]ბიუჯეტი!$B:$K,4,FALSE) -> 0.84745763 | O71: =VLOOKUP($B71,[1]ბიუჯეტი!$B:$K,5,FALSE) -> 557.71864 | P71: =VLOOKUP($B71,[1]ბიუჯეტი!$B:$K,6,FALSE) -> 0 | Q71: =VLOOKUP($B71,[1]ბიუჯეტი!$B:$K,7,FALSE) -> 0 | R71: =VLOOKUP($B71,[1]ბიუჯეტი!$B:$K,8,FALSE) -> 0 | S71: =VLOOKUP($B71,[1]ბიუჯეტი!$B:$K,9,FALSE) -> 0 | T71: =VLOOKUP($B71,[1]ბიუჯეტი!$B:$K,10,FALSE) -> 557.71864 | V71: =E71-N71 -> 0 | W71: =G71-P71 -> 0 | X71: =I71-R71 -> 0 | Y71: =D71-M71 -> 64.2296
A72: 2 | B72: blokis wyoba 20 niS 0.00 | C72: m2 | D72: =სამუშაო!I5 -> 932.2106 | F72: =D72*E72 -> 0 | G72: =ხელფასი!D4 -> 23.90625 | H72: =D72*G72 -> 22285.66 | K72: =F72+H72 -> 22285.66 | M72: =VLOOKUP(B72,[1]ბიუჯეტი!$B:$K,3,FALSE) -> 917.83 | N72: =VLOOKUP($B72,[1]ბიუჯეტი!$B:$K,4,FALSE) -> 0 | O72: =VLOOKUP($B72,[1]ბიუჯეტი!$B:$K,5,FALSE) -> 0 | P72: =VLOOKUP($B72,[1]ბიუჯეტი!$B:$K,6,FALSE) -> 23.90625 | Q72: =VLOOKUP($B72,[1]ბიუჯეტი!$B:$K,7,FALSE) -> 21941.873 | R72: =VLOOKUP($B72,[1]ბიუჯეტი!$B:$K,8,FALSE) -> 0 | S72: =VLOOKUP($B72,[1]ბიუჯეტი!$B:$K,9,FALSE) -> 0 | T72: =VLOOKUP($B72,[1]ბიუჯეტი!$B:$K,10,FALSE) -> 21941.873 | V72: =E72-N72 -> 0 | W72: =G72-P72 -> 0 | X72: =I72-R72 -> 0 | Y72: =D72-M72 -> 14.3806
B73: bloki 20-iani | C73: c | D73: =D72*13 -> 12118.738 | E73: =SUMIFS(მასალა!D3:D147,მასალა!B3:B147,ბიუჯეტი!B73) -> 1.6694915 | F73: =D73*E73 -> 20232.13 | H73: =D73*G73 -> 0 | K73: =F73+H73 -> 20232.13 | M73: =VLOOKUP(B73,[1]ბიუჯეტი!$B:$K,3,FALSE) -> 8555.404 | N73: =VLOOKUP($B73,[1]ბიუჯეტი!$B:$K,4,FALSE) -> 1.6694915 | O73: =VLOOKUP($B73,[1]ბიუჯეტი!$B:$K,5,FALSE) -> 14283.174 | P73: =VLOOKUP($B73,[1]ბიუჯეტი!$B:$K,6,FALSE) -> 0 | Q73: =VLOOKUP($B73,[1]ბიუჯეტი!$B:$K,7,FALSE) -> 0 | R73: =VLOOKUP($B73,[1]ბიუჯეტი!$B:$K,8,FALSE) -> 0 | S73: =VLOOKUP($B73,[1]ბიუჯეტი!$B:$K,9,FALSE) -> 0 | T73: =VLOOKUP($B73,[1]ბიუჯეტი!$B:$K,10,FALSE) -> 14283.174 | V73: =E73-N73 -> 0 | W73: =G73-P73 -> 0 | X73: =I73-R73 -> 0 | Y73: =D73-M73 -> 3563.3338
B74: sartyeli | C74: grZ.m | D74: =სამუშაო!H5 -> 34.2 | E74: =SUMIFS(მასალა!D4:D148,მასალა!B4:B148,ბიუჯეტი!B74) -> 0 | F74: =D74*E74 -> 0 | G74: =ხელფასი!D6 -> 51 | H74: =D74*G74 -> 1744.2 | K74: =F74+H74 -> 1744.2 | M74: =VLOOKUP(B74,[1]ბიუჯეტი!$B:$K,3,FALSE) -> 3 | N74: =VLOOKUP($B74,[1]ბიუჯეტი!$B:$K,4,FALSE) -> 0 | O74: =VLOOKUP($B74,[1]ბიუჯეტი!$B:$K,5,FALSE) -> 0 | P74: =VLOOKUP($B74,[1]ბიუჯეტი!$B:$K,6,FALSE) -> 44.625 | Q74: =VLOOKUP($B74,[1]ბიუჯეტი!$B:$K,7,FALSE) -> 133.875 | R74: =VLOOKUP($B74,[1]ბიუჯეტი!$B:$K,8,FALSE) -> 0 | S74: =VLOOKUP($B74,[1]ბიუჯეტი!$B:$K,9,FALSE) -> 0 | T74: =VLOOKUP($B74,[1]ბიუჯეტი!$B:$K,10,FALSE) -> 133.875 | V74: =E74-N74 -> 0 | W74: =G74-P74 -> 6.375 | X74: =I74-R74 -> 0 | Y74: =D74-M74 -> 31.2
B75: betoni b-25 | C75: მ3 | D75: =(D74+D77)*0.2*0.2*1.05 -> 2.1924 | E75: =SUMIFS(მასალა!D5:D149,მასალა!B5:B149,ბიუჯეტი!B75) -> 219.49153 | F75: =D75*E75 -> 481.21322 | H75: =D75*G75 -> 0 | K75: =F75+H75 -> 481.21322 | M75: =VLOOKUP(B75,[1]ბიუჯეტი!$B:$K,3,FALSE) -> 1850.79 | N75: =VLOOKUP($B75,[1]ბიუჯეტი!$B:$K,4,FALSE) -> 219.49153 | O75: =VLOOKUP($B75,[1]ბიუჯეტი!$B:$K,5,FALSE) -> 406232.72 | P75: =VLOOKUP($B75,[1]ბიუჯეტი!$B:$K,6,FALSE) -> 0 | Q75: =VLOOKUP($B75,[1]ბიუჯეტი!$B:$K,7,FALSE) -> 0 | R75: =VLOOKUP($B75,[1]ბიუჯეტი!$B:$K,8,FALSE) -> 0 | S75: =VLOOKUP($B75,[1]ბიუჯეტი!$B:$K,9,FALSE) -> 0 | T75: =VLOOKUP($B75,[1]ბიუჯეტი!$B:$K,10,FALSE) -> 406232.72 | V75: =E75-N75 -> 0 | W75: =G75-P75 -> 0 | X75: =I75-R75 -> 0 | Y75: =D75-M75 -> -1848.5976
B76: armatura a500 | C76: ტონა | D76: 0.06 | E76: =SUMIFS(მასალა!D6:D150,მასალა!B6:B150,ბიუჯეტი!B76) -> 0 | F76: =D76*E76 -> 0 | H76: =D76*G76 -> 0 | K76: =F76+H76 -> 0 | M76: =VLOOKUP(B76,[1]ბიუჯეტი!$B:$K,3,FALSE) -> 228.13875 | N76: =VLOOKUP($B76,[1]ბიუჯეტი!$B:$K,4,FALSE) -> 1931.2271 | O76: =VLOOKUP($B76,[1]ბიუჯეტი!$B:$K,5,FALSE) -> 440587.74 | P76: =VLOOKUP($B76,[1]ბიუჯეტი!$B:$K,6,FALSE) -> 0 | Q76: =VLOOKUP($B76,[1]ბიუჯეტი!$B:$K,7,FALSE) -> 0 | R76: =VLOOKUP($B76,[1]ბიუჯეტი!$B:$K,8,FALSE) -> 0 | S76: =VLOOKUP($B76,[1]ბიუჯეტი!$B:$K,9,FALSE) -> 0 | T76: =VLOOKUP($B76,[1]ბიუჯეტი!$B:$K,10,FALSE) -> 440587.74 | V76: =E76-N76 -> -1931.2271 | W76: =G76-P76 -> 0 | X76: =I76-R76 -> 0 | Y76: =D76-M76 -> -228.07875
B77: zRudari | C77: გრძ/მ | D77: =სამუშაო!G5 -> 18 | E77: =SUMIFS(მასალა!D7:D151,მასალა!B7:B151,ბიუჯეტი!B77) -> 0 | F77: =D77*E77 -> 0 | G77: =ხელფასი!D5 -> 19.125 | H77: =D77*G77 -> 344.25 | K77: =F77+H77 -> 344.25 | M77: =VLOOKUP(B77,[1]ბიუჯეტი!$B:$K,3,FALSE) -> 4 | N77: =VLOOKUP($B77,[1]ბიუჯეტი!$B:$K,4,FALSE) -> 0 | O77: =VLOOKUP($B77,[1]ბიუჯეტი!$B:$K,5,FALSE) -> 0 | P77: =VLOOKUP($B77,[1]ბიუჯეტი!$B:$K,6,FALSE) -> 0 | Q77: =VLOOKUP($B77,[1]ბიუჯეტი!$B:$K,7,FALSE) -> 0 | R77: =VLOOKUP($B77,[1]ბიუჯეტი!$B:$K,8,FALSE) -> 0 | S77: =VLOOKUP($B77,[1]ბიუჯეტი!$B:$K,9,FALSE) -> 0 | T77: =VLOOKUP($B77,[1]ბიუჯეტი!$B:$K,10,FALSE) -> 0 | V77: =E77-N77 -> 0 | W77: =G77-P77 -> 19.125 | X77: =I77-R77 -> 0 | Y77: =D77-M77 -> 14
B78: qviSa | C78: m3 | D78: =D72*0.03*1.05 -> 29.364634 | E78: =SUMIFS(მასალა!D8:D152,მასალა!B8:B152,ბიუჯეტი!B78) -> 59.322034 | F78: =D78*E78 -> 1741.9698 | H78: =D78*G78 -> 0 | K78: =F78+H78 -> 1741.9698 | M78: =VLOOKUP(B78,[1]ბიუჯეტი!$B:$K,3,FALSE) -> 20.730402 | N78: =VLOOKUP($B78,[1]ბიუჯეტი!$B:$K,4,FALSE) -> 59.322034 | O78: =VLOOKUP($B78,[1]ბიუჯეტი!$B:$K,5,FALSE) -> 1229.7696 | P78: =VLOOKUP($B78,[1]ბიუჯეტი!$B:$K,6,FALSE) -> 0 | Q78: =VLOOKUP($B78,[1]ბიუჯეტი!$B:$K,7,FALSE) -> 0 | R78: =VLOOKUP($B78,[1]ბიუჯეტი!$B:$K,8,FALSE) -> 0 | S78: =VLOOKUP($B78,[1]ბიუჯეტი!$B:$K,9,FALSE) -> 0 | T78: =VLOOKUP($B78,[1]ბიუჯეტი!$B:$K,10,FALSE) -> 1229.7696 | V78: =E78-N78 -> 0 | W78: =G78-P78 -> 0 | X78: =I78-R78 -> 0 | Y78: =D78-M78 -> 8.6342319
B79: cementi m300 | C79: t | D79: =D78/4*1.05 -> 7.7082164 | E79: =SUMIFS(მასალა!D9:D153,მასალა!B9:B153,ბიუჯეტი!B79) -> 265.5 | F79: =D79*E79 -> 2046.5315 | H79: =D79*G79 -> 0 | K79: =F79+H79 -> 2046.5315 | M79: =VLOOKUP(B79,[1]ბიუჯეტი!$B:$K,3,FALSE) -> 5.4417305 | N79: =VLOOKUP($B79,[1]ბიუჯეტი!$B:$K,4,FALSE) -> 265.47458 | O79: =VLOOKUP($B79,[1]ბიუჯეტი!$B:$K,5,FALSE) -> 1444.6411 | P79: =VLOOKUP($B79,[1]ბიუჯეტი!$B:$K,6,FALSE) -> 0 | Q79: =VLOOKUP($B79,[1]ბიუჯეტი!$B:$K,7,FALSE) -> 0 | R79: =VLOOKUP($B79,[1]ბიუჯეტი!$B:$K,8,FALSE) -> 0 | S79: =VLOOKUP($B79,[1]ბიუჯეტი!$B:$K,9,FALSE) -> 0 | T79: =VLOOKUP($B79,[1]ბიუჯეტი!$B:$K,10,FALSE) -> 1444.6411 | V79: =E79-N79 -> 0.025423729 | W79: =G79-P79 -> 0 | X79: =I79-R79 -> 0 | Y79: =D79-M79 -> 2.2664859
B80: blokis damxmare masala | C80: m2 | D80: =D72 -> 932.2106 | E80: =SUMIFS(მასალა!D10:D154,მასალა!B10:B154,ბიუჯეტი!B80) -> 0.84745763 | F80: =D80*E80 -> 790.00898 | H80: =D80*G80 -> 0 | K80: =F80+H80 -> 790.00898 | M80: =VLOOKUP(B80,[1]ბიუჯეტი!$B:$K,3,FALSE) -> 658.108 | N80: =VLOOKUP($B80,[1]ბიუჯეტი!$B:$K,4,FALSE) -> 0.84745763 | O80: =VLOOKUP($B80,[1]ბიუჯეტი!$B:$K,5,FALSE) -> 557.71864 | P80: =VLOOKUP($B80,[1]ბიუჯეტი!$B:$K,6,FALSE) -> 0 | Q80: =VLOOKUP($B80,[1]ბიუჯეტი!$B:$K,7,FALSE) -> 0 | R80: =VLOOKUP($B80,[1]ბიუჯეტი!$B:$K,8,FALSE) -> 0 | S80: =VLOOKUP($B80,[1]ბიუჯეტი!$B:$K,9,FALSE) -> 0 | T80: =VLOOKUP($B80,[1]ბიუჯეტი!$B:$K,10,FALSE) -> 557.71864 | V80: =E80-N80 -> 0 | W80: =G80-P80 -> 0 | X80: =I80-R80 -> 0 | Y80: =D80-M80 -> 274.1026
A81: 3 | B81: blokis wyoba 20 niS 3.20/6.40/9.60 | C81: m2 | D81: =სამუშაო!I6+სამუშაო!I7+სამუშაო!I8 -> 2498.835 | F81: =D81*E81 -> 0 | G81: =ხელფასი!D4 -> 23.90625 | H81: =D81*G81 -> 59737.774 | K81: =F81+H81 -> 59737.774 | M81: =VLOOKUP(B81,[1]ბიუჯეტი!$B:$K,3,FALSE) -> 2576.031 | N81: =VLOOKUP($B81,[1]ბიუჯეტი!$B:$K,4,FALSE) -> 0 | O81: =VLOOKUP($B81,[1]ბიუჯეტი!$B:$K,5,FALSE) -> 0 | P81: =VLOOKUP($B81,[1]ბიუჯეტი!$B:$K,6,FALSE) -> 23.90625 | Q81: =VLOOKUP($B81,[1]ბიუჯეტი!$B:$K,7,FALSE) -> 61583.241 | R81: =VLOOKUP($B81,[1]ბიუჯეტი!$B:$K,8,FALSE) -> 0 | S81: =VLOOKUP($B81,[1]ბიუჯეტი!$B:$K,9,FALSE) -> 0 | T81: =VLOOKUP($B81,[1]ბიუჯეტი!$B:$K,10,FALSE) -> 61583.241 | V81: =E81-N81 -> 0 | W81: =G81-P81 -> 0 | X81: =I81-R81 -> 0 | Y81: =D81-M81 -> -77.196
B82: bloki 20-iani | C82: c | D82: =D81*13 -> 32484.855 | E82: =SUMIFS(მასალა!D1:D156,მასალა!B1:B156,ბიუჯეტი!B82) -> 1.6694915 | F82: =D82*E82 -> 54233.19 | H82: =D82*G82 -> 0 | K82: =F82+H82 -> 54233.19 | M82: =VLOOKUP(B82,[1]ბიუჯეტი!$B:$K,3,FALSE) -> 8555.404 | N82: =VLOOKUP($B82,[1]ბიუჯეტი!$B:$K,4,FALSE) -> 1.6694915 | O82: =VLOOKUP($B82,[1]ბიუჯეტი!$B:$K,5,FALSE) -> 14283.174 | P82: =VLOOKUP($B82,[1]ბიუჯეტი!$B:$K,6,FALSE) -> 0 | Q82: =VLOOKUP($B82,[1]ბიუჯეტი!$B:$K,7,FALSE) -> 0 | R82: =VLOOKUP($B82,[1]ბიუჯეტი!$B:$K,8,FALSE) -> 0 | S82: =VLOOKUP($B82,[1]ბიუჯეტი!$B:$K,9,FALSE) -> 0 | T82: =VLOOKUP($B82,[1]ბიუჯეტი!$B:$K,10,FALSE) -> 14283.174 | V82: =E82-N82 -> 0 | W82: =G82-P82 -> 0 | X82: =I82-R82 -> 0 | Y82: =D82-M82 -> 23929.451
B83: sartyeli | C83: grZ.m | D83: =სამუშაო!H6+სამუშაო!H7+სამუშაო!H8 -> 145.8 | E83: =SUMIFS(მასალა!D2:D157,მასალა!B2:B157,ბიუჯეტი!B83) -> 0 | F83: =D83*E83 -> 0 | G83: =ხელფასი!D6 -> 51 | H83: =D83*G83 -> 7435.8 | K83: =F83+H83 -> 7435.8 | M83: =VLOOKUP(B83,[1]ბიუჯეტი!$B:$K,3,FALSE) -> 3 | N83: =VLOOKUP($B83,[1]ბიუჯეტი!$B:$K,4,FALSE) -> 0 | O83: =VLOOKUP($B83,[1]ბიუჯეტი!$B:$K,5,FALSE) -> 0 | P83: =VLOOKUP($B83,[1]ბიუჯეტი!$B:$K,6,FALSE) -> 44.625 | Q83: =VLOOKUP($B83,[1]ბიუჯეტი!$B:$K,7,FALSE) -> 133.875 | R83: =VLOOKUP($B83,[1]ბიუჯეტი!$B:$K,8,FALSE) -> 0 | S83: =VLOOKUP($B83,[1]ბიუჯეტი!$B:$K,9,FALSE) -> 0 | T83: =VLOOKUP($B83,[1]ბიუჯეტი!$B:$K,10,FALSE) -> 133.875 | V83: =E83-N83 -> 0 | W83: =G83-P83 -> 6.375 | X83: =I83-R83 -> 0 | Y83: =D83-M83 -> 142.8
B84: betoni b-25 | C84: მ3 | D84: =(D83+D86)*0.2*0.2*1.05 -> 8.5806 | E84: =SUMIFS(მასალა!D3:D158,მასალა!B3:B158,ბიუჯეტი!B84) -> 219.49153 | F84: =D84*E84 -> 1883.369 | H84: =D84*G84 -> 0 | K84: =F84+H84 -> 1883.369 | M84: =VLOOKUP(B84,[1]ბიუჯეტი!$B:$K,3,FALSE) -> 1850.79 | N84: =VLOOKUP($B84,[1]ბიუჯეტი!$B:$K,4,FALSE) -> 219.49153 | O84: =VLOOKUP($B84,[1]ბიუჯეტი!$B:$K,5,FALSE) -> 406232.72 | P84: =VLOOKUP($B84,[1]ბიუჯეტი!$B:$K,6,FALSE) -> 0 | Q84: =VLOOKUP($B84,[1]ბიუჯეტი!$B:$K,7,FALSE) -> 0 | R84: =VLOOKUP($B84,[1]ბიუჯეტი!$B:$K,8,FALSE) -> 0 | S84: =VLOOKUP($B84,[1]ბიუჯეტი!$B:$K,9,FALSE) -> 0 | T84: =VLOOKUP($B84,[1]ბიუჯეტი!$B:$K,10,FALSE) -> 406232.72 | V84: =E84-N84 -> 0 | W84: =G84-P84 -> 0 | X84: =I84-R84 -> 0 | Y84: =D84-M84 -> -1842.2094
B85: armatura a500 | C85: ტონა | D85: 0.3 | E85: =SUMIFS(მასალა!D3:D159,მასალა!B3:B159,ბიუჯეტი!B85) -> 0 | F85: =D85*E85 -> 0 | H85: =D85*G85 -> 0 | K85: =F85+H85 -> 0 | M85: =VLOOKUP(B85,[1]ბიუჯეტი!$B:$K,3,FALSE) -> 228.13875 | N85: =VLOOKUP($B85,[1]ბიუჯეტი!$B:$K,4,FALSE) -> 1931.2271 | O85: =VLOOKUP($B85,[1]ბიუჯეტი!$B:$K,5,FALSE) -> 440587.74 | P85: =VLOOKUP($B85,[1]ბიუჯეტი!$B:$K,6,FALSE) -> 0 | Q85: =VLOOKUP($B85,[1]ბიუჯეტი!$B:$K,7,FALSE) -> 0 | R85: =VLOOKUP($B85,[1]ბიუჯეტი!$B:$K,8,FALSE) -> 0 | S85: =VLOOKUP($B85,[1]ბიუჯეტი!$B:$K,9,FALSE) -> 0 | T85: =VLOOKUP($B85,[1]ბიუჯეტი!$B:$K,10,FALSE) -> 440587.74 | V85: =E85-N85 -> -1931.2271 | W85: =G85-P85 -> 0 | X85: =I85-R85 -> 0 | Y85: =D85-M85 -> -227.83875
B86: zRudari | C86: გრძ/მ | D86: =სამუშაო!G6+სამუშაო!G7+სამუშაო!G8 -> 58.5 | E86: =SUMIFS(მასალა!D5:D160,მასალა!B5:B160,ბიუჯეტი!B86) -> 0 | F86: =D86*E86 -> 0 | G86: =ხელფასი!D5 -> 19.125 | H86: =D86*G86 -> 1118.8125 | K86: =F86+H86 -> 1118.8125 | M86: =VLOOKUP(B86,[1]ბიუჯეტი!$B:$K,3,FALSE) -> 4 | N86: =VLOOKUP($B86,[1]ბიუჯეტი!$B:$K,4,FALSE) -> 0 | O86: =VLOOKUP($B86,[1]ბიუჯეტი!$B:$K,5,FALSE) -> 0 | P86: =VLOOKUP($B86,[1]ბიუჯეტი!$B:$K,6,FALSE) -> 0 | Q86: =VLOOKUP($B86,[1]ბიუჯეტი!$B:$K,7,FALSE) -> 0 | R86: =VLOOKUP($B86,[1]ბიუჯეტი!$B:$K,8,FALSE) -> 0 | S86: =VLOOKUP($B86,[1]ბიუჯეტი!$B:$K,9,FALSE) -> 0 | T86: =VLOOKUP($B86,[1]ბიუჯეტი!$B:$K,10,FALSE) -> 0 | V86: =E86-N86 -> 0 | W86: =G86-P86 -> 19.125 | X86: =I86-R86 -> 0 | Y86: =D86-M86 -> 54.5
B87: qviSa | C87: m3 | D87: =D81*0.03*1.05 -> 78.713303 | E87: =SUMIFS(მასალა!D3:D161,მასალა!B3:B161,ბიუჯეტი!B87) -> 59.322034 | F87: =D87*E87 -> 4669.4332 | H87: =D87*G87 -> 0 | K87: =F87+H87 -> 4669.4332 | M87: =VLOOKUP(B87,[1]ბიუჯეტი!$B:$K,3,FALSE) -> 20.730402 | N87: =VLOOKUP($B87,[1]ბიუჯეტი!$B:$K,4,FALSE) -> 59.322034 | O87: =VLOOKUP($B87,[1]ბიუჯეტი!$B:$K,5,FALSE) -> 1229.7696 | P87: =VLOOKUP($B87,[1]ბიუჯეტი!$B:$K,6,FALSE) -> 0 | Q87: =VLOOKUP($B87,[1]ბიუჯეტი!$B:$K,7,FALSE) -> 0 | R87: =VLOOKUP($B87,[1]ბიუჯეტი!$B:$K,8,FALSE) -> 0 | S87: =VLOOKUP($B87,[1]ბიუჯეტი!$B:$K,9,FALSE) -> 0 | T87: =VLOOKUP($B87,[1]ბიუჯეტი!$B:$K,10,FALSE) -> 1229.7696 | V87: =E87-N87 -> 0 | W87: =G87-P87 -> 0 | X87: =I87-R87 -> 0 | Y87: =D87-M87 -> 57.982901
B88: cementi m300 | C88: t | D88: =D87/4*1.05 -> 20.662242 | E88: =SUMIFS(მასალა!D3:D162,მასალა!B3:B162,ბიუჯეტი!B88) -> 265.5 | F88: =D88*E88 -> 5485.8252 | H88: =D88*G88 -> 0 | K88: =F88+H88 -> 5485.8252 | M88: =VLOOKUP(B88,[1]ბიუჯეტი!$B:$K,3,FALSE) -> 5.4417305 | N88: =VLOOKUP($B88,[1]ბიუჯეტი!$B:$K,4,FALSE) -> 265.47458 | O88: =VLOOKUP($B88,[1]ბიუჯეტი!$B:$K,5,FALSE) -> 1444.6411 | P88: =VLOOKUP($B88,[1]ბიუჯეტი!$B:$K,6,FALSE) -> 0 | Q88: =VLOOKUP($B88,[1]ბიუჯეტი!$B:$K,7,FALSE) -> 0 | R88: =VLOOKUP($B88,[1]ბიუჯეტი!$B:$K,8,FALSE) -> 0 | S88: =VLOOKUP($B88,[1]ბიუჯეტი!$B:$K,9,FALSE) -> 0 | T88: =VLOOKUP($B88,[1]ბიუჯეტი!$B:$K,10,FALSE) -> 1444.6411 | V88: =E88-N88 -> 0.025423729 | W88: =G88-P88 -> 0 | X88: =I88-R88 -> 0 | Y88: =D88-M88 -> 15.220511
B89: blokis damxmare masala | C89: m2 | D89: =D81 -> 2498.835 | E89: =SUMIFS(მასალა!D3:D163,მასალა!B3:B163,ბიუჯეტი!B89) -> 0.84745763 | F89: =D89*E89 -> 2117.6568 | H89: =D89*G89 -> 0 | K89: =F89+H89 -> 2117.6568 | M89: =VLOOKUP(B89,[1]ბიუჯეტი!$B:$K,3,FALSE) -> 658.108 | N89: =VLOOKUP($B89,[1]ბიუჯეტი!$B:$K,4,FALSE) -> 0.84745763 | O89: =VLOOKUP($B89,[1]ბიუჯეტი!$B:$K,5,FALSE) -> 557.71864 | P89: =VLOOKUP($B89,[1]ბიუჯეტი!$B:$K,6,FALSE) -> 0 | Q89: =VLOOKUP($B89,[1]ბიუჯეტი!$B:$K,7,FALSE) -> 0 | R89: =VLOOKUP($B89,[1]ბიუჯეტი!$B:$K,8,FALSE) -> 0 | S89: =VLOOKUP($B89,[1]ბიუჯეტი!$B:$K,9,FALSE) -> 0 | T89: =VLOOKUP($B89,[1]ბიუჯეტი!$B:$K,10,FALSE) -> 557.71864 | V89: =E89-N89 -> 0 | W89: =G89-P89 -> 0 | X89: =I89-R89 -> 0 | Y89: =D89-M89 -> 1840.727
A90: 2 | B90: vitraJi | C90: m2 | D90: =SUM(D91,D92,D93) -> 620.35 | E90: =SUM(F91:F93)/D90 -> 0 | F90: =D90*E90 -> 0 | G90: =SUM(H91:H93)/D90 -> 0 | H90: =G90*D90 -> 0 | I90: =SUM(J91:J93)/D90 -> 301.86441 | J90: =I90*D90 -> 187261.58 | K90: =F90+H90+J90 -> 187261.58 | M90: =VLOOKUP(B90,[1]ბიუჯეტი!$B:$K,3,FALSE) -> 592.4 | N90: =VLOOKUP($B90,[1]ბიუჯეტი!$B:$K,4,FALSE) -> 0 | O90: =VLOOKUP($B90,[1]ბიუჯეტი!$B:$K,5,FALSE) -> 0 | P90: =VLOOKUP($B90,[1]ბიუჯეტი!$B:$K,6,FALSE) -> 0 | Q90: =VLOOKUP($B90,[1]ბიუჯეტი!$B:$K,7,FALSE) -> 0 | R90: =VLOOKUP($B90,[1]ბიუჯეტი!$B:$K,8,FALSE) -> 301.86441 | S90: =VLOOKUP($B90,[1]ბიუჯეტი!$B:$K,9,FALSE) -> 178824.47 | T90: =VLOOKUP($B90,[1]ბიუჯეტი!$B:$K,10,FALSE) -> 178824.47 | V90: =E90-N90 -> 0 | W90: =G90-P90 -> 0 | X90: =I90-R90 -> 0 | Y90: =D90-M90 -> 27.95
A91: 1 | B91: vitraJi niS. -2.55 | C91: m2 | D91: =სამუშაო!I14 -> 14.4 | F91: =D91*E91 -> 0 | H91: =D91*G91 -> 0 | I91: =მომსახურება!D3 -> 301.86441 | J91: =I91*D91 -> 4346.8475 | K91: =F91+H91+J91 -> 4346.8475 | M91: =VLOOKUP(B91,[1]ბიუჯეტი!$B:$K,3,FALSE) -> 17.28 | N91: =VLOOKUP($B91,[1]ბიუჯეტი!$B:$K,4,FALSE) -> 0 | O91: =VLOOKUP($B91,[1]ბიუჯეტი!$B:$K,5,FALSE) -> 0 | P91: =VLOOKUP($B91,[1]ბიუჯეტი!$B:$K,6,FALSE) -> 0 | Q91: =VLOOKUP($B91,[1]ბიუჯეტი!$B:$K,7,FALSE) -> 0 | R91: =VLOOKUP($B91,[1]ბიუჯეტი!$B:$K,8,FALSE) -> 301.86441 | S91: =VLOOKUP($B91,[1]ბიუჯეტი!$B:$K,9,FALSE) -> 5216.2169 | T91: =VLOOKUP($B91,[1]ბიუჯეტი!$B:$K,10,FALSE) -> 5216.2169 | V91: =E91-N91 -> 0 | W91: =G91-P91 -> 0 | X91: =I91-R91 -> 0 | Y91: =D91-M91 -> -2.88
A92: 2 | B92: vitraJi niS. 0.00 | C92: m2 | D92: =სამუშაო!I15 -> 146.02 | F92: =D92*E92 -> 0 | H92: =D92*G92 -> 0 | I92: =მომსახურება!D3 -> 301.86441 | J92: =I92*D92 -> 44078.241 | K92: =F92+H92+J92 -> 44078.241 | M92: =VLOOKUP(B92,[1]ბიუჯეტი!$B:$K,3,FALSE) -> 118.16 | N92: =VLOOKUP($B92,[1]ბიუჯეტი!$B:$K,4,FALSE) -> 0 | O92: =VLOOKUP($B92,[1]ბიუჯეტი!$B:$K,5,FALSE) -> 0 | P92: =VLOOKUP($B92,[1]ბიუჯეტი!$B:$K,6,FALSE) -> 0 | Q92: =VLOOKUP($B92,[1]ბიუჯეტი!$B:$K,7,FALSE) -> 0 | R92: =VLOOKUP($B92,[1]ბიუჯეტი!$B:$K,8,FALSE) -> 301.86441 | S92: =VLOOKUP($B92,[1]ბიუჯეტი!$B:$K,9,FALSE) -> 35668.298 | T92: =VLOOKUP($B92,[1]ბიუჯეტი!$B:$K,10,FALSE) -> 35668.298 | V92: =E92-N92 -> 0 | W92: =G92-P92 -> 0 | X92: =I92-R92 -> 0 | Y92: =D92-M92 -> 27.86
A93: 3 | B93: vitraJi niS. 3.20/6.40/9.60 | C93: m2 | D93: =სამუშაო!I16+სამუშაო!I17+სამუშაო!I18 -> 459.93 | F93: =D93*E93 -> 0 | H93: =D93*G93 -> 0 | I93: =მომსახურება!D3 -> 301.86441 | J93: =I93*D93 -> 138836.5 | K93: =F93+H93+J93 -> 138836.5 | M93: =VLOOKUP(B93,[1]ბიუჯეტი!$B:$K,3,FALSE) -> 456.96 | N93: =VLOOKUP($B93,[1]ბიუჯეტი!$B:$K,4,FALSE) -> 0 | O93: =VLOOKUP($B93,[1]ბიუჯეტი!$B:$K,5,FALSE) -> 0 | P93: =VLOOKUP($B93,[1]ბიუჯეტი!$B:$K,6,FALSE) -> 0 | Q93: =VLOOKUP($B93,[1]ბიუჯეტი!$B:$K,7,FALSE) -> 0 | R93: =VLOOKUP($B93,[1]ბიუჯეტი!$B:$K,8,FALSE) -> 301.86441 | S93: =VLOOKUP($B93,[1]ბიუჯეტი!$B:$K,9,FALSE) -> 137939.96 | T93: =VLOOKUP($B93,[1]ბიუჯეტი!$B:$K,10,FALSE) -> 137939.96 | V93: =E93-N93 -> 0 | W93: =G93-P93 -> 0 | X93: =I93-R93 -> 0 | Y93: =D93-M93 -> 2.97
A94: 3 | B94: fasadis mopirkeTeba aguriT | C94: m2 | D94: =D101+D95 -> 894.5 | E94: =SUM(F95:F106)/D94 -> 47.034784 | F94: =D94*E94 -> 42072.614 | G94: =SUM(H95:H106)/D94 -> 85.287594 | H94: =G94*D94 -> 76289.753 | I94: 15 | J94: =I94*D94 -> 13417.5 | K94: =F94+H94+J94 -> 131779.87 | M94: =VLOOKUP(B94,[1]ბიუჯეტი!$B:$K,3,FALSE) -> 1072.18 | N94: =VLOOKUP($B94,[1]ბიუჯეტი!$B:$K,4,FALSE) -> 46.640923 | O94: =VLOOKUP($B94,[1]ბიუჯეტი!$B:$K,5,FALSE) -> 50007.465 | P94: =VLOOKUP($B94,[1]ბიუჯეტი!$B:$K,6,FALSE) -> 84.887782 | Q94: =VLOOKUP($B94,[1]ბიუჯეტი!$B:$K,7,FALSE) -> 91014.983 | R94: =VLOOKUP($B94,[1]ბიუჯეტი!$B:$K,8,FALSE) -> 15 | S94: =VLOOKUP($B94,[1]ბიუჯეტი!$B:$K,9,FALSE) -> 16082.7 | T94: =VLOOKUP($B94,[1]ბიუჯეტი!$B:$K,10,FALSE) -> 157105.15 | V94: =E94-N94 -> 0.39386113 | W94: =G94-P94 -> 0.39981126 | X94: =I94-R94 -> 0 | Y94: =D94-M94 -> -177.68
A95: 1 | B95: fasadis mopirkeTeba aguriT niS -2.30 | C95: m2 | D95: =სამუშაო!D24 -> 0 | F95: =D95*E95 -> 0 | G95: =ხელფასი!D7 -> 82.875 | H95: =D95*G95 -> 0 | K95: =F95+H95+J95 -> 0 | M95: =VLOOKUP(B95,[1]ბიუჯეტი!$B:$K,3,FALSE) -> 0 | N95: =VLOOKUP($B95,[1]ბიუჯეტი!$B:$K,4,FALSE) -> 0 | O95: =VLOOKUP($B95,[1]ბიუჯეტი!$B:$K,5,FALSE) -> 0 | P95: =VLOOKUP($B95,[1]ბიუჯეტი!$B:$K,6,FALSE) -> 82.875 | Q95: =VLOOKUP($B95,[1]ბიუჯეტი!$B:$K,7,FALSE) -> 0 | R95: =VLOOKUP($B95,[1]ბიუჯეტი!$B:$K,8,FALSE) -> 0 | S95: =VLOOKUP($B95,[1]ბიუჯეტი!$B:$K,9,FALSE) -> 0 | T95: =VLOOKUP($B95,[1]ბიუჯეტი!$B:$K,10,FALSE) -> 0 | V95: =E95-N95 -> 0 | W95: =G95-P95 -> 0 | X95: =I95-R95 -> 0 | Y95: =D95-M95 -> 0
B96: aguri dekoratiuli | C96: cali | D96: =D95*35*1.05 -> 0 | E96: =SUMIFS(მასალა!D1:D170,მასალა!B1:B170,ბიუჯეტი!B96) -> 0.80508475 | F96: =D96*E96 -> 0 | H96: =D96*G96 -> 0 | K96: =F96+H96+J96 -> 0 | M96: =VLOOKUP(B96,[1]ბიუჯეტი!$B:$K,3,FALSE) -> 0 | N96: =VLOOKUP($B96,[1]ბიუჯეტი!$B:$K,4,FALSE) -> 0.80508475 | O96: =VLOOKUP($B96,[1]ბიუჯეტი!$B:$K,5,FALSE) -> 0 | P96: =VLOOKUP($B96,[1]ბიუჯეტი!$B:$K,6,FALSE) -> 0 | Q96: =VLOOKUP($B96,[1]ბიუჯეტი!$B:$K,7,FALSE) -> 0 | R96: =VLOOKUP($B96,[1]ბიუჯეტი!$B:$K,8,FALSE) -> 0 | S96: =VLOOKUP($B96,[1]ბიუჯეტი!$B:$K,9,FALSE) -> 0 | T96: =VLOOKUP($B96,[1]ბიუჯეტი!$B:$K,10,FALSE) -> 0 | V96: =E96-N96 -> 0 | W96: =G96-P96 -> 0 | X96: =I96-R96 -> 0 | Y96: =D96-M96 -> 0
B97: qviSa | C97: m3 | D97: =D95*0.03*1.05 -> 0 | E97: =SUMIFS(მასალა!D2:D171,მასალა!B2:B171,ბიუჯეტი!B97) -> 59.322034 | F97: =D97*E97 -> 0 | H97: =D97*G97 -> 0 | K97: =F97+H97+J97 -> 0 | M97: =VLOOKUP(B97,[1]ბიუჯეტი!$B:$K,3,FALSE) -> 20.730402 | N97: =VLOOKUP($B97,[1]ბიუჯეტი!$B:$K,4,FALSE) -> 59.322034 | O97: =VLOOKUP($B97,[1]ბიუჯეტი!$B:$K,5,FALSE) -> 1229.7696 | P97: =VLOOKUP($B97,[1]ბიუჯეტი!$B:$K,6,FALSE) -> 0 | Q97: =VLOOKUP($B97,[1]ბიუჯეტი!$B:$K,7,FALSE) -> 0 | R97: =VLOOKUP($B97,[1]ბიუჯეტი!$B:$K,8,FALSE) -> 0 | S97: =VLOOKUP($B97,[1]ბიუჯეტი!$B:$K,9,FALSE) -> 0 | T97: =VLOOKUP($B97,[1]ბიუჯეტი!$B:$K,10,FALSE) -> 1229.7696 | V97: =E97-N97 -> 0 | W97: =G97-P97 -> 0 | X97: =I97-R97 -> 0 | Y97: =D97-M97 -> -20.730402
B98: kuTxovanis mowyoba | C98: grZ.m | D98: 0 | E98: =SUMIFS(მასალა!D3:D172,მასალა!B3:B172,ბიუჯეტი!B98) -> 12.542373 | F98: =D98*E98 -> 0 | G98: =ხელფასი!D31 -> 12.75 | H98: =D98*G98 -> 0 | K98: =F98+H98+J98 -> 0 | M98: =VLOOKUP(B98,[1]ბიუჯეტი!$B:$K,3,FALSE) -> 0 | N98: =VLOOKUP($B98,[1]ბიუჯეტი!$B:$K,4,FALSE) -> 12.542373 | O98: =VLOOKUP($B98,[1]ბიუჯეტი!$B:$K,5,FALSE) -> 0 | P98: =VLOOKUP($B98,[1]ბიუჯეტი!$B:$K,6,FALSE) -> 12.75 | Q98: =VLOOKUP($B98,[1]ბიუჯეტი!$B:$K,7,FALSE) -> 0 | R98: =VLOOKUP($B98,[1]ბიუჯეტი!$B:$K,8,FALSE) -> 0 | S98: =VLOOKUP($B98,[1]ბიუჯეტი!$B:$K,9,FALSE) -> 0 | T98: =VLOOKUP($B98,[1]ბიუჯეტი!$B:$K,10,FALSE) -> 0 | V98: =E98-N98 -> 0 | W98: =G98-P98 -> 0 | X98: =I98-R98 -> 0 | Y98: =D98-M98 -> 0
B99: cementi m300 | C99: t | D99: =D97/4*1.05 -> 0 | E99: =SUMIFS(მასალა!D4:D173,მასალა!B4:B173,ბიუჯეტი!B99) -> 265.5 | F99: =D99*E99 -> 0 | H99: =D99*G99 -> 0 | K99: =F99+H99+J99 -> 0 | M99: =VLOOKUP(B99,[1]ბიუჯეტი!$B:$K,3,FALSE) -> 5.4417305 | N99: =VLOOKUP($B99,[1]ბიუჯეტი!$B:$K,4,FALSE) -> 265.47458 | O99: =VLOOKUP($B99,[1]ბიუჯეტი!$B:$K,5,FALSE) -> 1444.6411 | P99: =VLOOKUP($B99,[1]ბიუჯეტი!$B:$K,6,FALSE) -> 0 | Q99: =VLOOKUP($B99,[1]ბიუჯეტი!$B:$K,7,FALSE) -> 0 | R99: =VLOOKUP($B99,[1]ბიუჯეტი!$B:$K,8,FALSE) -> 0 | S99: =VLOOKUP($B99,[1]ბიუჯეტი!$B:$K,9,FALSE) -> 0 | T99: =VLOOKUP($B99,[1]ბიუჯეტი!$B:$K,10,FALSE) -> 1444.6411 | V99: =E99-N99 -> 0.025423729 | W99: =G99-P99 -> 0 | X99: =I99-R99 -> 0 | Y99: =D99-M99 -> -5.4417305
B100: aguris damxmare masala | C100: m2 | D100: =D95 -> 0 | E100: =SUMIFS(მასალა!D5:D174,მასალა!B5:B174,ბიუჯეტი!B100) -> 4.2372881 | F100: =D100*E100 -> 0 | H100: =D100*G100 -> 0 | K100: =F100+H100+J100 -> 0 | M100: =VLOOKUP(B100,[1]ბიუჯეტი!$B:$K,3,FALSE) -> 0 | N100: =VLOOKUP($B100,[1]ბიუჯეტი!$B:$K,4,FALSE) -> 4.2372881 | O100: =VLOOKUP($B100,[1]ბიუჯეტი!$B:$K,5,FALSE) -> 0 | P100: =VLOOKUP($B100,[1]ბიუჯეტი!$B:$K,6,FALSE) -> 0 | Q100: =VLOOKUP($B100,[1]ბიუჯეტი!$B:$K,7,FALSE) -> 0 | R100: =VLOOKUP($B100,[1]ბიუჯეტი!$B:$K,8,FALSE) -> 0 | S100: =VLOOKUP($B100,[1]ბიუჯეტი!$B:$K,9,FALSE) -> 0 | T100: =VLOOKUP($B100,[1]ბიუჯეტი!$B:$K,10,FALSE) -> 0 | V100: =E100-N100 -> 0 | W100: =G100-P100 -> 0 | X100: =I100-R100 -> 0 | Y100: =D100-M100 -> 0
A101: 1 | B101: fasadis mopirkeTeba aguriT niS 0.00.3.20/6.40/9.60 | C101: m2 | D101: =სამუშაო!D25 -> 894.5 | F101: =D101*E101 -> 0 | G101: =ხელფასი!D7 -> 82.875 | H101: =D101*G101 -> 74131.688 | K101: =F101+H101+J101 -> 74131.688 | M101: =VLOOKUP(B101,[1]ბიუჯეტი!$B:$K,3,FALSE) -> 1072.18 | N101: =VLOOKUP($B101,[1]ბიუჯეტი!$B:$K,4,FALSE) -> 0 | O101: =VLOOKUP($B101,[1]ბიუჯეტი!$B:$K,5,FALSE) -> 0 | P101: =VLOOKUP($B101,[1]ბიუჯეტი!$B:$K,6,FALSE) -> 82.875 | Q101: =VLOOKUP($B101,[1]ბიუჯეტი!$B:$K,7,FALSE) -> 88856.918 | R101: =VLOOKUP($B101,[1]ბიუჯეტი!$B:$K,8,FALSE) -> 0 | S101: =VLOOKUP($B101,[1]ბიუჯეტი!$B:$K,9,FALSE) -> 0 | T101: =VLOOKUP($B101,[1]ბიუჯეტი!$B:$K,10,FALSE) -> 88856.918 | V101: =E101-N101 -> 0 | W101: =G101-P101 -> 0 | X101: =I101-R101 -> 0 | Y101: =D101-M101 -> -177.68
B102: aguri dekoratiuli | C102: cali | D102: =D101*35*1.05 -> 32872.875 | E102: =SUMIFS(მასალა!D1:D176,მასალა!B1:B176,ბიუჯეტი!B102) -> 0.80508475 | F102: =D102*E102 -> 26465.45 | H102: =D102*G102 -> 0 | K102: =F102+H102+J102 -> 26465.45 | M102: =VLOOKUP(B102,[1]ბიუჯეტი!$B:$K,3,FALSE) -> 0 | N102: =VLOOKUP($B102,[1]ბიუჯეტი!$B:$K,4,FALSE) -> 0.80508475 | O102: =VLOOKUP($B102,[1]ბიუჯეტი!$B:$K,5,FALSE) -> 0 | P102: =VLOOKUP($B102,[1]ბიუჯეტი!$B:$K,6,FALSE) -> 0 | Q102: =VLOOKUP($B102,[1]ბიუჯეტი!$B:$K,7,FALSE) -> 0 | R102: =VLOOKUP($B102,[1]ბიუჯეტი!$B:$K,8,FALSE) -> 0 | S102: =VLOOKUP($B102,[1]ბიუჯეტი!$B:$K,9,FALSE) -> 0 | T102: =VLOOKUP($B102,[1]ბიუჯეტი!$B:$K,10,FALSE) -> 0 | V102: =E102-N102 -> 0 | W102: =G102-P102 -> 0 | X102: =I102-R102 -> 0 | Y102: =D102-M102 -> 32872.875
B103: qviSa | C103: m3 | D103: =D101*0.08*1.05 -> 75.138 | E103: =SUMIFS(მასალა!D2:D177,მასალა!B2:B177,ბიუჯეტი!B103) -> 59.322034 | F103: =D103*E103 -> 4457.339 | H103: =D103*G103 -> 0 | K103: =F103+H103+J103 -> 4457.339 | M103: =VLOOKUP(B103,[1]ბიუჯეტი!$B:$K,3,FALSE) -> 20.730402 | N103: =VLOOKUP($B103,[1]ბიუჯეტი!$B:$K,4,FALSE) -> 59.322034 | O103: =VLOOKUP($B103,[1]ბიუჯეტი!$B:$K,5,FALSE) -> 1229.7696 | P103: =VLOOKUP($B103,[1]ბიუჯეტი!$B:$K,6,FALSE) -> 0 | Q103: =VLOOKUP($B103,[1]ბიუჯეტი!$B:$K,7,FALSE) -> 0 | R103: =VLOOKUP($B103,[1]ბიუჯეტი!$B:$K,8,FALSE) -> 0 | S103: =VLOOKUP($B103,[1]ბიუჯეტი!$B:$K,9,FALSE) -> 0 | T103: =VLOOKUP($B103,[1]ბიუჯეტი!$B:$K,10,FALSE) -> 1229.7696 | V103: =E103-N103 -> 0 | W103: =G103-P103 -> 0 | X103: =I103-R103 -> 0 | Y103: =D103-M103 -> 54.407598
...

Sheet სამუშაო
A1: 20 iani bloki
A2: # | B2: niS.\ | C2: sarTuli | D2: fasadi | E2: sadarbazo | F2: binebis gamyofi | G2: ზღუდარი | H2: სარტყელი | I2: jami | J2: vada
A3: 1 | B3: 2 | C3: 3 | D3: 4 | E3: 5 | F3: 6 | G3: 7 | H3: 8 | I3: 9 | J3: 10
A4: 1 | B4: -2.3 | C4: 1 | D4: 0 | E4: =((16.4+16.4+2+2+7+7.6+2.5+5.17+5.17+2.52)*2.32)*3 -> 464.6496 | F4: =((2+7+7+7.4+2+4.8+5.1)*2.32)*3 -> 245.688 | G4: =1.5*3 -> 4.5 | H4: =2.5*3 -> 7.5 | I4: =SUM(D4:H4) -> 722.3376
A5: 2 | B5: 0 | C5: 2 | D5: =(3.3+2.4+1.5+4.2)*2.97*3+(6.5+6.5+7+7+7+7+3.6+6.5+2.7)*2.6*3 -> 521.214 | E5: =((7+2.9+4.2+8+7+1.6+1.4+1.8+5.6+2.65+1.2)*2.97)*2+(2.65+2.9+7+1.2+7+1.8+1.8+7+8+4+1.6)*2.97 -> 391.0005 | F5: =((5+6.7+0.84)*2.97)*2+((6.5+6.7+0.85)*2.97) -> 116.2161 | G5: =12*1.5 -> 18 | H5: =(4.2+1.5+2.4+3.3)*3 -> 34.2 | I5: =SUM(D5:H5)-I15-D56+E56+F56*2.2 -> 932.2106
A6: 3 | B6: 3.2 | C6: 3 | D6: =(((7+7+2.7+3.1+3.6+5.1+7+3.4+3.4)*2.6)+((3.4+0.8+4+3.6+1.3+3.6+1.3)*2.97))*2+(6.5+6.5+6.5+7+7+7+7+2.7+2.7)*2.6+(4.2+1.6+4.2+1.6)*2.97 -> 498.872 | E6: =((7+6.5+1.6+2.9+5.35+1.3+1.5)*2.97)*2+(7+7+6.5+1.3+1.5+2.9)*2.97 -> 233.145 | F6: =((2.7+7.6+7)*2.97)*2+((6.5+6.5+7.8)*2.97) -> 164.538 | G6: =13*1.5 -> 19.5 | H6: =3.6+3.6+4+3.4+3.2+2.3+3.6+3.6+4+3.4+3.2+2.3+4.2+4.2 -> 48.6 | I6: =SUM(D6:H6)-I17-D57+G57*2.2+25 -> 832.945
A7: 3 | B7: 6.4 | C7: 3 | D7: =(((7+7+2.7+3.1+3.6+5.1+7+3.4+3.4)*2.6)+((3.4+0.8+4+3.6+1.3+3.6+1.3)*2.97))*2+(6.5+6.5+6.5+7+7+7+7+2.7+2.7)*2.6+(4.2+1.6+4.2+1.6)*2.97 -> 498.872 | E7: =((7+6.5+1.6+2.9+5.35+1.3+1.5)*2.97)*2+(7+7+6.5+1.3+1.5+2.9)*2.97 -> 233.145 | F7: =((2.7+7.6+7)*2.97)*2+((6.5+6.5+7.8)*2.97) -> 164.538 | G7: =13*1.5 -> 19.5 | H7: =3.6+3.6+4+3.4+3.2+2.3+3.6+3.6+4+3.4+3.2+2.3+4.2+4.2 -> 48.6 | I7: =SUM(D7:H7)-I18-D58+G58*2.2+25 -> 832.945
A8: 4 | B8: 9.6 | C8: 4 | D8: =(((7+7+2.7+3.1+3.6+5.1+7+3.4+3.4)*2.6)+((3.4+0.8+4+3.6+1.3+3.6+1.3)*2.97))*2+(6.5+6.5+6.5+7+7+7+7+2.7+2.7)*2.6+(4.2+1.6+4.2+1.6)*2.97 -> 498.872 | E8: =((7+6.5+1.6+2.9+5.35+1.3+1.5)*2.97)*2+(7+7+6.5+1.3+1.5+2.9)*2.97 -> 233.145 | F8: =((2.7+7.6+7)*2.97)*2+((6.5+6.5+7.8)*2.97) -> 164.538 | G8: =13*1.5 -> 19.5 | H8: =3.6+3.6+4+3.4+3.2+2.3+3.6+3.6+4+3.4+3.2+2.3+4.2+4.2 -> 48.6 | I8: =SUM(D8:H8)-I18-D59+G59*2.2+25 -> 832.945
E9: =(20.6-7.5)+(17-3.5)+14.8+10+8+2.5+3+11+11+5 -> 91.9 | I9: =SUM(I4:I8) -> 4153.3832 | J9: =SUM(J4:J8) -> 0
E10: =E9*2.32*3 -> 639.624
A11: m/plastmasi
A12: # | B12: niS.\ | C12: sarTuli | E12: =(14.4+5.5+13.4+10.5+7.6+2.2+2.4+2.4+1.8+1.8+2.25+1.55+3+8.65+9.6)*2.97*3 -> 775.6155 | I12: jami | J12: vada
A13: 1 | B13: 2 | C13: 3 | D13: 4 | E13: 5 | F13: 6 | G13: 7 | H13: 8 | I13: 9 | J13: 10
A14: 1 | B14: -2.3 | C14: 1 | D14: =1.6*0.6*15 -> 14.4 | I14: =SUM(D14:H14) -> 14.4
A15: 2 | B15: 0 | C15: 2 | D15: =(1.6*1.6)*5+(1*1.6)*2+(1.6*2.5)*24+(1*2.5)*3+(1.7*2.6)*6 -> 146.02 | I15: =SUM(D15:H15) -> 146.02
A16: 2 | B16: 3.2 | C16: 2 | D16: =(1.6*1.6)*6+(1*1.6)*2+(1.6*2.5)*16+(1*2.5)*2+(1.7*2.5)*4+(1.5*2.5)*6+(5.25*2.5)*2 -> 153.31 | I16: =SUM(D16:H16) -> 153.31
A17: 3 | B17: 6.4 | C17: 3 | D17: =(1.6*1.6)*6+(1*1.6)*2+(1.6*2.5)*16+(1*2.5)*2+(1.7*2.5)*4+(1.5*2.5)*6+(5.25*2.5)*2 -> 153.31 | I17: =SUM(D17:H17) -> 153.31
A18: 4 | B18: 9.6 | C18: 4 | D18: =(1.6*1.6)*6+(1*1.6)*2+(1.6*2.5)*16+(1*2.5)*2+(1.7*2.5)*4+(1.5*2.5)*6+(5.25*2.5)*2 -> 153.31 | I18: =SUM(D18:H18) -> 153.31
I19: =SUM(I14:I18) -> 620.35 | J19: =SUM(J14:J18) -> 0
A21: fasadi
A22: # | B22: niS.\ | C22: sarTuli | D22: aguri | E22: daTbuneba/Rebva | F22: ferdili | G22: betonis faqtura | H22: bazalti | I22: jami | J22: vada
A23: 1 | B23: 2 | C23: 3 | D23: 4 | E23: 5 | F23: 6 | G23: 7 | H23: 8 | I23: 9 | J23: 10
A24: 1 | B24: -2.3 | C24: 1 | D24: 0 | F24: 0 | H24: =1.6*15 -> 24 | I24: =SUM(D24:H24) -> 24
A25: 2 | B25: 0 | C25: 2 | D25: 894.5 | E25: =(1.8+3.1+2.2+1.3+4+0.9)*2.97*2+6.9*2.6*6+1.8+3.1+2.15+4+1.4+0.9*2.97 -> 201.765 | F25: =1.6*25+2.6*12+1*2+3.8*2+3*9 -> 107.8 | G25: 0 | H25: =1.6*5+1*2+1.7*6 -> 20.2 | I25: =SUM(D25:H25) -> 1224.265
A26: 3 | B26: 3.2 | C26: 3 | E26: =((0.7+3.3+1.2+0.7+3.3+1.2+3.9+2+4+1.6+0.4+0.8+3.4+0.8+3.1)*2+1.2+1.55+2.7+4.2+1.55+2.7)*2.97 -> 221.859 | F26: =(1.6*24+1.7*4+1*4+2.6*22+3.1*2+3.2*13)*3 -> 462.6 | H26: =1.5*6+1*2+1.6*6 -> 20.6 | I26: =SUM(D26:H26) -> 705.059 | K26: =87+144+87+25+28+51+51+29+25+131+45+131+57+6 -> 897
A27: 4 | B27: 6.4 | C27: 4 | E27: =((0.7+3.3+1.2+0.7+3.3+1.2+3.9+2+4+1.6+0.4+0.8+3.4+0.8+3.1)*2+1.2+1.55+2.7+4.2+1.55+2.7)*2.97 -> 221.859 | H27: =1.5*6+1*2+1.6*6 -> 20.6 | I27: =SUM(D27:H27) -> 242.459
A28: 5 | B28: 9.6 | C28: 5 | E28: =((0.7+3.3+1.2+0.7+3.3+1.2+3.9+2+4+1.6+0.4+0.8+3.4+0.8+3.1)*2+1.2+1.55+2.7+4.2+1.55+2.7)*2.97 -> 221.859 | H28: =1.5*6+1*2+1.6*6 -> 20.6 | I28: =SUM(D28:H28) -> 242.459
C29: 6 | F29: 6 | I29: =SUM(D29:H29) -> 6
I30: =SUM(I24:I29) -> 2444.242 | J30: =SUM(J25:J28) -> 0
A32: 10 iani bloki
A33: # | B33: niS.\ | C33: sarTuli | D33: sadabazo | E33: aivani | F33: sak.Saxta binebi | G33: sak.Saxta sadarbazo | H33: tualeti | I33: jami | J33: vada
A34: 1 | B34: 2 | C34: 3 | D34: 4 | E34: 5 | F34: 6 | G34: 7 | H34: 8 | I34: 9 | J34: 10
A35: 1 | B35: -2.3 | C35: 1 | D35: 0 | F35: 0 | G35: =1.9*3*2.32 -> 13.224 | H35: 0 | I35: =SUM(D35:H35) -> 13.224
A36: 2 | B36: 0 | C36: 2 | D36: 0 | E36: 0 | F36: =23.6*2.97 -> 70.092 | G36: =15.3*2.97 -> 45.441 | H36: 68.25 | I36: =SUM(D36:H36) -> 183.783
A37: 2 | B37: 3.2 | C37: 3 | D37: 0 | E37: 0 | F37: =31.8*2.98 -> 94.764 | G37: =15.3*2.97 -> 45.441 | H37: 68.25 | I37: =SUM(D37:H37) -> 208.455
A38: 3 | B38: 6.4 | C38: 4 | D38: 0 | E38: 0 | F38: =31.8*2.98 -> 94.764 | G38: =15.3*2.97 -> 45.441 | H38: 68.25 | I38: =SUM(D38:H38) -> 208.455
A39: 4 | B39: 9.6 | C39: 5 | D39: 0 | E39: 0 | F39: =31.8*2.98 -> 94.764 | G39: =15.3*2.97 -> 45.441 | H39: 68.25 | I39: =SUM(D39:H39) -> 208.455
I40: =SUM(I35:I39) -> 822.372 | J40: =SUM(J35:J39) -> 0
A42: sadarbazo
A43: # | B43: niS.\ | C43: sarTuli | D43: lesva | E43: SefiTvna | F43: Rebva | G43: liftis aguri | H43: mdf | I43: jami | J43: vada
A44: 1 | B44: 2 | C44: 3 | D44: 4 | E44: 5 | F44: 6 | G44: 7 | H44: 8 | I44: 9 | J44: 10
A45: 1 | B45: -2.3 | C45: 1 | D45: =259.6*2.32 -> 602.272 | E45: =D45 -> 602.272 | F45: =E45 -> 602.272 | G45: =(0.75*2.32)*3 -> 5.22 | H45: =1.94*3 -> 5.82 | I45: =SUM(D45:H45) -> 1817.856 | K45: =(12.9+11.6+4.25+4.25+1.7+3+3+15)*2.32 -> 129.224 | L45: =K45*3 -> 387.672
A46: 2 | B46: 0 | C46: 2 | D46: =158.45*2.98 -> 472.181 | E46: =D46 -> 472.181 | F46: =E46 -> 472.181 | G46: =(3.6*2.97)*3 -> 32.076 | H46: =8.45*3 -> 25.35 | I46: =SUM(D46:H46) -> 1473.969
A47: 2 | B47: 3.2 | C47: 3 | D47: =104.1*2.98 -> 310.218 | E47: =D47 -> 310.218 | F47: =E47 -> 310.218 | G47: =(3.6*2.97)*3 -> 32.076 | H47: =8.45*3 -> 25.35 | I47: =SUM(D47:H47) -> 988.08
A48: 3 | B48: 6.4 | C48: 4 | D48: =104.1*2.98 -> 310.218 | E48: =D48 -> 310.218 | F48: =E48 -> 310.218 | G48: =(3.6*2.97)*3 -> 32.076 | H48: =8.45*3 -> 25.35 | I48: =SUM(D48:H48) -> 988.08
A49: 4 | B49: 9.6 | C49: 5 | D49: =104.1*2.98 -> 310.218 | E49: =D49 -> 310.218 | F49: =E49 -> 310.218 | G49: =(3.6*2.97)*3 -> 32.076 | H49: =8.45*3 -> 25.35 | I49: =SUM(D49:H49) -> 988.08
I50: =SUM(I45:I49) -> 6256.065 | J50: =SUM(J45:J49) -> 0
A52: kari
A53: # | B53: niS.\ | C53: sarTuli | D53: binis kari | E53: kibis ujredis kari | F53: sadarbazos kari | G53: sakm.kari | H53: საქვაბის კარი | I53: jami | J53: vada
A54: 1 | B54: 2 | C54: 3 | D54: 4 | E54: 5 | F54: 6 | G54: 7 | H54: 8 | I54: 9 | J54: 10
A55: 1 | B55: -2.3 | C55: 1 | D55: 30 | E55: 0 | F55: 0 | G55: 3 | H55: 0 | I55: =SUM(D55:H55) -> 33
A56: 2 | B56: 0 | C56: 2 | D56: 12 | E56: 3 | F56: 3 | G56: 0 | H56: 12 | I56: =SUM(D56:H56) -> 30
A57: 3 | B57: 3.2 | C57: 2 | D57: 10 | E57: 0 | F57: 0 | G57: 3 | H57: 10 | I57: =SUM(D57:H57) -> 23
A58: 4 | B58: 6.4 | C58: 3 | D58: 10 | E58: 0 | F58: 0 | G58: 3 | H58: 10 | I58: =SUM(D58:H58) -> 23
A59: 5 | B59: 9.6 | C59: 4 | D59: 10 | E59: 0 | F59: 0 | G59: 3 | H59: 10 | I59: =SUM(D59:H59) -> 23
I60: =SUM(I55:I59) -> 132 | J60: =SUM(J55:J59) -> 0
A62: მოაჯირი
A63: # | B63: niS.\ | C63: sarTuli | D63: აივანი | E63: ცხაური | F63: კიბის მოაჯირი | G63: კედლის კიბის მოაჯირი | I63: jami | J63: vada
A64: 1 | B64: 2 | C64: 3 | D64: 4 | E64: 5 | F64: 6 | G64: 7 | H64: 8 | I64: 9 | J64: 10
A65: 1 | B65: -2.3 | C65: 1 | D65: 0 | E65: 0 | F65: =(2.1+3.2+0.3)*3 -> 16.8 | G65: =(2.1+3.2)*3 -> 15.9 | I65: =SUM(D65:H65) -> 32.7
A66: 2 | B66: 0 | C66: 2 | D66: 57.9 | E66: =(0.6+0.6+0.6+0.6+0.6+0.6)*2.6 -> 9.36 | F66: =(3.2+3.2+0.3)*3 -> 20.1 | G66: =(3.2+3.2)*3 -> 19.2 | I66: =SUM(D66:H66) -> 106.56
A67: 3 | B67: 3.2 | C67: 2 | D67: =(5.45+1.6+2.9+5.5+3.25+5+1.8+1.8+0.35+0.35+0.35+0.35)*2+1.2+1.2+5.9+3.8+1.8+1.2+1.2+5.9+3.8+1.8 -> 85.2 | E67: =(0.6+0.6+0.6+0.6)*2.6+(1.6+0.81+1.2+0.8+1.8+0.8+1.6+0.81+1.2+0.8+1.8+0.8)*3 -> 48.3 | F67: =(3.2+3.2+0.3)*3 -> 20.1 | G67: =(3.2+3.2)*3 -> 19.2 | I67: =SUM(D67:H67) -> 172.8
A68: 4 | B68: 6.4 | C68: 3 | D68: =(5.45+1.6+2.9+5.5+3.25+5+1.8+1.8+0.35+0.35+0.35+0.35)*2+1.2+1.2+5.9+3.8+1.8+1.2+1.2+5.9+3.8+1.8 -> 85.2 | E68: =(0.6+0.6+0.6+0.6)*2.6+(1.6+0.81+1.2+0.8+1.8+0.8+1.6+0.81+1.2+0.8+1.8+0.8)*3 -> 48.3 | F68: =(3.2+3.2+0.3)*3 -> 20.1 | G68: =(3.2+3.2)*3 -> 19.2 | I68: =SUM(D68:H68) -> 172.8
A69: 5 | B69: 9.6 | C69: 4 | D69: =(5.45+1.6+2.9+5.5+3.25+5+1.8+1.8+0.35+0.35+0.35+0.35)*2+1.2+1.2+5.9+3.8+1.8+1.2+1.2+5.9+3.8+1.8 -> 85.2 | E69: =(0.6+0.6+0.6+0.6)*2.6+(1.6+0.81+1.2+0.8+1.8+0.8+1.6+0.81+1.2+0.8+1.8+0.8)*3 -> 48.3 | F69: =(3.2+3.2+0.3+1.6)*3 -> 24.9 | G69: =(3.2+3.2)*3 -> 19.2 | I69: =SUM(D69:H69) -> 177.6
I70: =SUM(I65:I69) -> 662.46 | J70: =SUM(J65:J69) -> 0
A72: k/graniti
A73: # | B73: niS.\ | C73: sarTuli | D73: sadarbazo | E73: aivani | F73: plintusi | I73: jami | J73: vada
A74: 1 | B74: 2 | C74: 3 | D74: 4 | E74: 5 | F74: 6 | G74: 7 | H74: 8 | I74: 9 | J74: 10
A75: 1 | B75: -2.3 | C75: 1 | D75: 239.28 | E75: 0 | F75: 126 | I75: =SUM(D75:H75) -> 365.28
A76: 1 | B76: 0 | C76: 2 | D76: 115.05 | E76: =(6.7+5.1)*3 -> 35.4 | F76: 78 | I76: =SUM(D76:H76) -> 228.45
A77: 2 | B77: 3.2 | C77: 3 | D77: 94.8 | E77: =0.6+0.6+3.6+3.6+17.3+11+7.9+0.6+0.6+3.6+3.6+17.3+11+7.9+8+8+2.1+12.1 -> 119.4 | F77: 73 | I77: =SUM(D77:H77) -> 287.2
A78: 3 | B78: 6.4 | C78: 4 | D78: 94.8 | E78: =0.6+0.6+3.6+3.6+17.3+11+7.9+0.6+0.6+3.6+3.6+17.3+11+7.9+8+8+2.1+12.1 -> 119.4 | F78: 73 | I78: =SUM(D78:H78) -> 287.2
A79: 4 | B79: 9.6 | C79: 5 | D79: 94.8 | E79: =0.6+0.6+3.6+3.6+17.3+11+7.9+0.6+0.6+3.6+3.6+17.3+11+7.9+8+8+2.1+12.1 -> 119.4 | F79: 73 | I79: =SUM(D79:H79) -> 287.2
I80: =SUM(I75:I79) -> 1455.33 | J80: =SUM(J75:J79) -> 0
A82: მოჭიმვა
A83: # | B83: niS.\ | C83: sarTuli | D83: ბინები | E83: aivani | F83: სადარბაზო | I83: jami | J83: vada
A84: 1 | B84: 2 | C84: 3 | D84: 4 | E84: 5 | F84: 6 | G84: 7 | H84: 8 | I84: 9 | J84: 10
A85: 1 | B85: -2.3 | C85: 1 | D85: 0 | E85: =E75 -> 0 | F85: =D75 -> 239.28 | I85: =SUM(D85:H85) -> 239.28
A86: 2 | B86: 0 | C86: 2 | D86: 565.6 | E86: =E76 -> 35.4 | F86: =D76 -> 115.05 | I86: =SUM(D86:H86) -> 716.05
A87: 2 | B87: 3.2 | C87: 3 | D87: 619.3 | E87: =E77 -> 119.4 | F87: =D77 -> 94.8 | I87: =SUM(D87:H87) -> 833.5
A88: 3 | B88: 6.4 | C88: 4 | D88: 619.3 | E88: =E78 -> 119.4 | F88: =D78 -> 94.8 | I88: =SUM(D88:H88) -> 833.5
A89: 4 | B89: 9.6 | C89: 5 | D89: 619.3 | E89: =E79 -> 119.4 | F89: =D79 -> 94.8 | I89: =SUM(D89:H89) -> 833.5
I90: =SUM(I85:I89) -> 3455.83 | J90: =SUM(J85:J89) -> 0
A92: T/muyao
A93: # | B93: niS.\ | C93: sarTuli | D93: kedeli | E93: tixari | F93: Weri | I93: jami | J93: vada
A94: 1 | B94: 2 | C94: 3 | D94: 4 | E94: 5 | F94: 6 | G94: 7 | H94: 8 | I94: 9 | J94: 10
A95: 1 | B95: -2.3 | C95: 1 | D95: 0 | E95: 0 | I95: =SUM(D95:H95) -> 0
A96: 2 | B96: 0 | C96: 2 | D96: =349.72*2.97 -> 1038.6684 | E96: =103.45*2.97 -> 307.2465 | I96: =SUM(D96:H96) -> 1345.9149
A97: 2 | B97: 3.2 | C97: 3 | D97: =351.83*2.97 -> 1044.9351 | E97: =121.8*2.97 -> 361.746 | I97: =SUM(D97:H97) -> 1406.6811
A98: 3 | B98: 6.4 | C98: 4 | D98: =351.83*2.97 -> 1044.9351 | E98: =121.8*2.97 -> 361.746 | I98: =SUM(D98:H98) -> 1406.6811
A99: 4 | B99: 9.6 | C99: 5 | D99: =351.83*2.97 -> 1044.9351 | E99: =121.8*2.97 -> 361.746 | I99: =SUM(D99:H99) -> 1406.6811
I100: =SUM(I95:I99) -> 5565.9582 | J100: =SUM(J95:J99) -> 0
B102: შავი კარკასი
A103: # | B103: niS.\ | C103: sarTuli | D103: ფილა | E103: ლიფტის შახტა | F103: მონ.კედელი | G103: დამატებები | I103: jami | J103: vada
A104: 1 | B104: 2 | C104: 3 | D104: 4 | E104: 5 | F104: 6 | G104: 7 | H104: 8 | I104: 9 | J104: 10
A105: 1 | B105: -2.3 | C105: 1 | D105: =ფართები!C7 -> 962.16 | E105: =(3.8*3.5)*3+((2.3+2.6+2.3+2.6)*4.85*3) -> 182.49 | F105: =((21.1+15.2)*2)*1.95+((21.1+15.2)*2)*1.95+((21.1+15.2)*2)*1.95 -> 424.71 | G105: 0 | I105: =SUM(D105:H105) -> 1569.36
A106: 2 | B106: 0 | C106: 2 | D106: =ფართები!C8 -> 962.16 | E106: =((2.3+2.6+2.3+2.6)*2.97)*3 -> 87.318 | F106: =(6.5*2.6)*3 -> 50.7 | I106: =SUM(D106:H106)-I117-I158*2.2 -> 1100.178
A107: 3 | B107: 3.2 | C107: 3 | D107: =ფართები!C9 -> 1031.84 | E107: =((2.3+2.6+2.3+2.6)*2.97)*3 -> 87.318 | F107: =(6.5*2.6)*3 -> 50.7 | I107: =SUM(D107:H107)-I119-I160*2.2 -> 1169.858
A108: 3 | B108: 6.4 | C108: 3 | D108: =ფართები!C10 -> 1031.84 | E108: =((2.3+2.6+2.3+2.6)*2.97)*3 -> 87.318 | F108: =(6.5*2.6)*3 -> 50.7 | I108: =SUM(D108:H108)-I120-I161*2.2 -> 1169.858
A109: 3 | B109: 9.6 | C109: 3 | D109: =ფართები!C11 -> 1031.84 | E109: =((2.3+2.6+2.3+2.6)*2.97)*3 -> 87.318 | F109: =(6.5*2.6)*3 -> 50.7 | I109: =SUM(D109:H109)-I121-I162*2.2 -> 1169.858
...

Sheet მასალა
A1: # | B1: samuSaos dasaxeleba | C1: gan/ba | D1: masala, erT | E1: სახლი 9-10 | G1: სახლი 13
A2: 1 | B2: 2 | C2: 3 | D2: 5
B3: inertuli masala | C3: m3 | D3: =40/1.18 -> 33.898305 | E3: 33.898305 | F3: =D3-E3 -> 0 | G3: 33.898305 | H3: =D3-G3 -> 0
B4: RorRi 10*20 | C4: m3 | D4: =45/1.18 -> 38.135593 | E4: 38.135593 | F4: =D4-E4 -> 0 | G4: 38.135593 | H4: =D4-G4 -> 0
B5: betoni b-7.5 | C5: m3 | D5: =205/1.18 -> 173.72881 | E5: 173.72881 | F5: =D5-E5 -> 0 | G5: 173.72881 | H5: =D5-G5 -> 0
B6: betoni b-25 | C6: m3 | D6: =259/1.18 -> 219.49153 | E6: 219.49153 | F6: =D6-E6 -> 0 | G6: 219.49153 | H6: =D6-G6 -> 0
B7: armatura | C7: t | D7: =830*ფართები!E3/1.18 -> 1906.1864 | E7: 1931.2271 | F7: =D7-E7 -> -25.040678 | G7: 1931.2271 | H7: =D7-G7 -> -25.040678
B8: bloki 20-iani | C8: c | D8: =1.97/1.18 -> 1.6694915 | E8: 1.6694915 | F8: =D8-E8 -> 0 | G8: 1.6694915 | H8: =D8-G8 -> 0
B9: Sveleri 22 ni | C9: გრძ/მ | D9: =116/1.18 -> 98.305085 | E9: 98.305085 | F9: =D9-E9 -> 0 | G9: 98.305085 | H9: =D9-G9 -> 0
B10: qviSa | C10: m3 | D10: =70/1.18 -> 59.322034 | E10: 59.322034 | F10: =D10-E10 -> 0 | G10: 59.322034 | H10: =D10-G10 -> 0
B11: cementi m300 | C11: t | D11: =313.29/1.18 -> 265.5 | E11: 265.47458 | F11: =D11-E11 -> 0.025423729 | G11: 265.47458 | H11: =D11-G11 -> 0.025423729
B12: aguri dekoratiuli | C12: cali | D12: =0.95/1.18 -> 0.80508475 | E12: 0.80508475 | F12: =D12-E12 -> 0 | G12: 0.80508475 | H12: =D12-G12 -> 0
B13: bazalti | C13: m2 | D13: =78/1.18 -> 66.101695 | E13: 66.101695 | F13: =D13-E13 -> 0 | G13: 66.101695 | H13: =D13-G13 -> 0
B14: Savi qviSa | C14: m3 | D14: =70/1.18 -> 59.322034 | E14: 59.322034 | F14: =D14-E14 -> 0 | G14: 59.322034 | H14: =D14-G14 -> 0
B15: bazaltis fila 03 | C15: m2 | D15: =70/1.18 -> 59.322034 | E15: 59.322034 | F15: =D15-E15 -> 0 | G15: 59.322034 | H15: =D15-G15 -> 0
B16: bazaltis fila 02 | C16: m2 | D16: =40/1.18 -> 33.898305 | E16: 33.898305 | F16: =D16-E16 -> 0 | G16: 33.898305 | H16: =D16-G16 -> 0
B17: bazaltis fila 05 | C17: m2 | D17: =140/1.18 -> 118.64407 | E17: 118.64407 | F17: =D17-E17 -> 0 | G17: 118.64407 | H17: =D17-G17 -> 0
B18: saRebavi | C18: litri | D18: =14.4/1.18 -> 12.20339 | E18: 12.20339 | F18: =D18-E18 -> 0 | G18: 12.20339 | H18: =D18-G18 -> 0
B19: kibis safexuri | C19: ცალი | D19: =140/1.18 -> 118.64407 | E19: 118.64407 | F19: =D19-E19 -> 0 | G19: 118.64407 | H19: =D19-G19 -> 0
B20: webo/cementi | C20: c | D20: =13/1.18 -> 11.016949 | E20: 11.016949 | F20: =D20-E20 -> 0 | G20: 11.016949 | H20: =D20-G20 -> 0
B21: meTlaxis fila | C21: მ2 | D21: =45/1.18 -> 38.135593 | E21: 38.135593 | F21: =D21-E21 -> 0 | G21: 38.135593 | H21: =D21-G21 -> 0
B22: fiTxi | C22: c | D22: =16.5/1.18 -> 13.983051 | E22: 13.983051 | F22: =D22-E22 -> 0 | G22: 13.983051 | H22: =D22-G22 -> 0
B23: bloki 10-iani | C23: c | D23: =1.25/1.18 -> 1.059322 | E23: 1.059322 | F23: =D23-E23 -> 0 | G23: 1.059322 | H23: =D23-G23 -> 0
B24: Tunuqi | C24: m2 | D24: =23/1.18 -> 19.491525 | E24: 19.491525 | F24: =D24-E24 -> 0 | G24: 19.491525 | H24: =D24-G24 -> 0
B25: membrana | C25: m2 | D25: =4/1.18 -> 3.3898305 | E25: 3.3898305 | F25: =D25-E25 -> 0 | G25: 3.3898305 | H25: =D25-G25 -> 0
B26: xis masala | C26: m3 | D26: =850/1.18 -> 720.33898 | E26: 652.54237 | F26: =D26-E26 -> 67.79661 | G26: 652.54237 | H26: =D26-G26 -> 67.79661
B27: xis dasamuSavebeli xsnari | C27: ლ | D27: =3.8/1.18 -> 3.220339 | E27: 3.220339 | F27: =D27-E27 -> 0 | G27: 3.220339 | H27: =D27-G27 -> 0
B28: milkvadrati 60*80 | C28: grZ.m | D28: =14.6/1.18 -> 12.372881 | E28: 12.372881 | F28: =D28-E28 -> 0 | G28: 12.372881 | H28: =D28-G28 -> 0
B29: iqspiesi | C29: m3 | D29: =8/1.18 -> 6.779661 | E29: 6.779661 | F29: =D29-E29 -> 0 | G29: 6.779661 | H29: =D29-G29 -> 0
B30: milkvadrati 100*100 | C30: grZ.m | D30: =21/1.18 -> 17.79661 | E30: 17.79661 | F30: =D30-E30 -> 0 | G30: 17.79661 | H30: =D30-G30 -> 0
B31: cementi m400 | C31: t | D31: =358.72/1.18 -> 304 | E31: 303.98305 | F31: =D31-E31 -> 0.016949153 | G31: 303.98305 | H31: =D31-G31 -> 0.016949153
B32: T/muyaos fila | C32: c | D32: =14.9/1.18 -> 12.627119 | E32: 12.627119 | F32: =D32-E32 -> 0 | G32: 12.627119 | H32: =D32-G32 -> 0
B33: profili cd | C33: c | D33: =11.1/1.18 -> 9.4067797 | E33: 9.4067797 | F33: =D33-E33 -> 0 | G33: 9.4067797 | H33: =D33-G33 -> 0
B34: profili ud | C34: c | D34: =8.2/1.18 -> 6.9491525 | E34: 6.9491525 | F34: =D34-E34 -> 0 | G34: 6.9491525 | H34: =D34-G34 -> 0
B35: minabamba | C35: m2 | D35: =2.9/1.18 -> 2.4576271 | E35: 2.4576271 | F35: =D35-E35 -> 0 | G35: 2.4576271 | H35: =D35-G35 -> 0
B36: agrafi | C36: c | D36: =0.96/1.18 -> 0.81355932 | E36: 0.81355932 | F36: =D36-E36 -> 0 | G36: 0.81355932 | H36: =D36-G36 -> 0
B37: Surufi tn25 | C37: c | D37: =0.035/1.18 -> 0.029661017 | E37: 0.029661017 | F37: =D37-E37 -> 0 | G37: 0.029661017 | H37: =D37-G37 -> 0
B38: Surufi tn35 | C38: c | D38: =0.045/1.18 -> 0.038135593 | E38: 0.038135593 | F38: =D38-E38 -> 0 | G38: 0.038135593 | H38: =D38-G38 -> 0
B39: dubel Surufi k6 | C39: c | D39: =0.095/1.18 -> 0.080508475 | E39: 0.080508475 | F39: =D39-E39 -> 0 | G39: 0.080508475 | H39: =D39-G39 -> 0
B40: semiWka Surufi | C40: c | D40: =0.038/1.18 -> 0.03220339 | E40: 0.03220339 | F40: =D40-E40 -> 0 | G40: 0.03220339 | H40: =D40-G40 -> 0
B41: orTqlizolacia | C41: m2 | D41: =2.5/1.18 -> 2.1186441 | E41: 2.1186441 | F41: =D41-E41 -> 0 | G41: 2.1186441 | H41: =D41-G41 -> 0
B42: profili uv | C42: c | D42: =14.5/1.18 -> 12.288136 | E42: 12.288136 | F42: =D42-E42 -> 0 | G42: 12.288136 | H42: =D42-G42 -> 0
B43: profili cv | C43: c | D43: =16.8/1.18 -> 14.237288 | E43: 14.237288 | F43: =D43-E43 -> 0 | G43: 14.237288 | H43: =D43-G43 -> 0
B44: gaTbobis mili | C44: grZ.m | D44: =3.5/1.18 -> 2.9661017 | E44: 2.9661017 | F44: =D44-E44 -> 0 | G44: 2.9661017 | H44: =D44-G44 -> 0
B45: mili kanalizaciis | C45: c | D45: =35/1.18 -> 29.661017 | E45: 29.661017 | F45: =D45-E45 -> 0 | G45: 29.661017 | H45: =D45-G45 -> 0
B46: aqsesuari | C46: c | D46: =85/1.18 -> 72.033898 | E46: 72.033898 | F46: =D46-E46 -> 0 | G46: 72.033898 | H46: =D46-G46 -> 0
B47: mili ventilaciis 3m | C47: c | D47: =35/1.18 -> 29.661017 | E47: 29.661017 | F47: =D47-E47 -> 0 | G47: 29.661017 | H47: =D47-G47 -> 0
B48: mili ventilaciis 0.3m | C48: c | D48: =6.5/1.18 -> 5.5084746 | E48: 5.5084746 | F48: =D48-E48 -> 0 | G48: 5.5084746 | H48: =D48-G48 -> 0
B49: mili ventilaciis 2m | C49: c | D49: =20/1.18 -> 16.949153 | E49: 16.949153 | F49: =D49-E49 -> 0 | G49: 16.949153 | H49: =D49-G49 -> 0
B50: kabeli 3*2.5 | C50: grZ.m | D50: =3.2/1.18 -> 2.7118644 | E50: 2.5423729 | F50: =D50-E50 -> 0.16949153 | G50: 2.5423729 | H50: =D50-G50 -> 0.16949153
B51: kabeli 3*1.5 | C51: grZ.m | D51: =1.95/1.18 -> 1.6525424 | E51: 1.6101695 | F51: =D51-E51 -> 0.042372881 | G51: 1.6101695 | H51: =D51-G51 -> 0.042372881
B52: kabeli 2*1.5 | C52: grZ.m | D52: =1.3/1.18 -> 1.1016949 | E52: 1.1016949 | F52: =D52-E52 -> 0 | G52: 1.1016949 | H52: =D52-G52 -> 0
B53: internetis kabeli | C53: grZ.m | D53: =1.3/1.18 -> 1.1016949 | E53: 1.1016949 | F53: =D53-E53 -> 0 | G53: 1.1016949 | H53: =D53-G53 -> 0
B54: sanaTi aivnis | C54: cali | D54: =10/1.18 -> 8.4745763 | E54: 8.4745763 | F54: =D54-E54 -> 0 | G54: 8.4745763 | H54: =D54-G54 -> 0
B55: sanaTi sadarbazo | C55: cali | D55: =55/1.18 -> 46.610169 | E55: 46.610169 | F55: =D55-E55 -> 0 | G55: 46.610169 | H55: =D55-G55 -> 0
B56: kabeli 2*2.5 | C56: grZ.m | D56: =2.25/1.18 -> 1.9067797 | E56: 1.779661 | F56: =D56-E56 -> 0.12711864 | G56: 1.779661 | H56: =D56-G56 -> 0.12711864
B57: Telasis kabeli | C57: grZ.m | D57: =10.9/1.18 -> 9.2372881 | E57: 8.0508475 | F57: =D57-E57 -> 1.1864407 | G57: 8.0508475 | H57: =D57-G57 -> 1.1864407
B58: kabeli 2*16 | C58: grZ.m | D58: =5.8/1.18 -> 4.9152542 | E58: 4.9152542 | F58: =D58-E58 -> 0 | G58: 4.9152542 | H58: =D58-G58 -> 0
B59: retro sadeni | C59: grZ.m | D59: =7.5/1.18 -> 6.3559322 | E59: 6.3559322 | F59: =D59-E59 -> 0 | G59: 6.3559322 | H59: =D59-G59 -> 0
B60: retro sadenis samagri | C60: grZ.m | D60: =2/1.18 -> 1.6949153 | E60: 1.6949153 | F60: =D60-E60 -> 0 | G60: 1.6949153 | H60: =D60-G60 -> 0
B61: wylis dgari | C61: grZ.m | D61: =5/1.18 -> 4.2372881 | E61: 4.2372881 | F61: =D61-E61 -> 0 | G61: 4.2372881 | H61: =D61-G61 -> 0
B62: wylis mili | C62: grZ.m | D62: =2.1/1.18 -> 1.779661 | E62: 1.779661 | F62: =D62-E62 -> 0 | G62: 1.779661 | H62: =D62-G62 -> 0
B63: mili 25 | C63: grZ.m | D63: =2.7/1.18 -> 2.2881356 | E63: 2.2881356 | F63: =D63-E63 -> 0 | G63: 2.2881356 | H63: =D63-G63 -> 0
B64: mili 50 | C64: grZ.m | D64: =5.2/1.18 -> 4.4067797 | E64: 4.4067797 | F64: =D64-E64 -> 0 | G64: 4.4067797 | H64: =D64-G64 -> 0
B65: milis gadasabmeli 25 | C65: cali | D65: =0.7/1.18 -> 0.59322034 | E65: 0.59322034 | F65: =D65-E65 -> 0 | G65: 0.59322034 | H65: =D65-G65 -> 0
B66: milis samagri 25 | C66: cali | D66: =0.8/1.18 -> 0.6779661 | E66: 0.6779661 | F66: =D66-E66 -> 0 | G66: 0.6779661 | H66: =D66-G66 -> 0
B67: milis muxli 25 | C67: cali | D67: =1.7/1.18 -> 1.440678 | E67: 1.440678 | F67: =D67-E67 -> 0 | G67: 1.440678 | H67: =D67-G67 -> 0
B68: kuTxovanis mowyoba | C68: grZ.m | D68: =14.8/1.18 -> 12.542373 | E68: 12.542373 | F68: =D68-E68 -> 0 | G68: 12.542373 | H68: =D68-G68 -> 0
B69: qvabambis dubeli | C69: ცალი | D69: =0.5/1.18 -> 0.42372881 | E69: 0.42372881 | F69: =D69-E69 -> 0 | G69: 0.38135593 | H69: =D69-G69 -> 0.042372881
B70: fasadis bade | C70: მ2 | D70: =1.5/1.18 -> 1.2711864 | E70: 1.2711864 | F70: =D70-E70 -> 0 | G70: 1.2711864 | H70: =D70-G70 -> 0
B71: fasadis fiTxi | C71: ცალი | D71: =23.5/1.18 -> 19.915254 | E71: 19.915254 | F71: =D71-E71 -> 0 | G71: 19.915254 | H71: =D71-G71 -> 0
B72: qvabamba 5 ni | C72: ცალი | D72: =22.92/1.18 -> 19.423729 | E72: 14.40678 | F72: =D72-E72 -> 5.0169492 | G72: 14.40678 | H72: =D72-G72 -> 5.0169492
B73: qvabamba 3 ni | C73: ცალი | D73: =9/1.18 -> 7.6271186 | E73: 7.6271186 | F73: =D73-E73 -> 0 | G73: 7.6271186 | H73: =D73-G73 -> 0
B74: defleqtori | C74: ცალი | D74: =420/1.18 -> 355.9322 | E74: 355.9322 | F74: =D74-E74 -> 0 | G74: 355.9322 | H74: =D74-G74 -> 0
B75: webocementi 185 | C75: ცალი | D75: =18.5/1.18 -> 15.677966 | E75: 15.677966 | F75: =D75-E75 -> 0 | G75: 15.677966 | H75: =D75-G75 -> 0
B76: webocementi 186 | C76: ცალი | D76: =23.5/1.18 -> 19.915254 | E76: 19.915254 | F76: =D76-E76 -> 0 | G76: 19.915254 | H76: =D76-G76 -> 0
B77: grunti | C77: ლიტრი | D77: =11.2/1.18 -> 9.4915254 | E77: 9.4915254 | F77: =D77-E77 -> 0 | G77: 9.4915254 | H77: =D77-G77 -> 0
B78: fasadis saRebavi | C78: ლიტრი | D78: =40/1.18 -> 33.898305 | E78: 33.898305 | F78: =D78-E78 -> 0 | G78: 33.898305 | H78: =D78-G78 -> 0
B79: sadarbazos saRebavi | C79: ლიტრი | D79: =24.9/1.18 -> 21.101695 | E79: 21.101695 | F79: =D79-E79 -> 0 | G79: 21.101695 | H79: =D79-G79 -> 0
B80: sadrenaJe membrana | C80: მ2 | D80: =2.9/1.18 -> 2.4576271 | E80: 2.4576271 | F80: =D80-E80 -> 0 | G80: 2.4576271 | H80: =D80-G80 -> 0
B81: jeoteqstili | C81: მ2 | D81: =3.25/1.18 -> 2.7542373 | E81: 2.7542373 | F81: =D81-E81 -> 0 | G81: 2.7542373 | H81: =D81-G81 -> 0
B82: ipdm membrana | C82: მ2 | D82: =43/1.18 -> 36.440678 | E82: 36.440678 | F82: =D82-E82 -> 0 | G82: 36.440678 | H82: =D82-G82 -> 0
B83: Savi miwa | C83: მ3 | D83: =65/1.18 -> 55.084746 | E83: 55.084746 | F83: =D83-E83 -> 0 | G83: 55.084746 | H83: =D83-G83 -> 0
B84: iqspiesi 3 ni | C84: მ2 | D84: =9.2/1.18 -> 7.7966102 | E84: 7.7966102 | F84: =D84-E84 -> 0 | G84: 7.7966102 | H84: =D84-G84 -> 0
B85: iqspiesi 5 ni | C85: მ2 | D85: =17.2/1.18 -> 14.576271 | E85: 14.576271 | F85: =D85-E85 -> 0 | G85: 14.576271 | H85: =D85-G85 -> 0
B86: osb | C86: ცალი | D86: =45/1.18 -> 38.135593 | E86: 38.135593 | F86: =D86-E86 -> 0 | G86: 38.135593 | H86: =D86-G86 -> 0
B87: kanalizacia | C87: ცალი | D87: =130/1.18 -> 110.16949 | E87: 110.16949 | F87: =D87-E87 -> 0 | G87: 110.16949 | H87: =D87-G87 -> 0
B88: kanalizacia binaSi | C88: ცალი | D88: =50/1.18 -> 42.372881 | E88: 42.372881 | F88: =D88-E88 -> 0 | G88: 42.372881 | H88: =D88-G88 -> 0
B89: ventilacia | C89: ცალი | D89: =30/1.18 -> 25.423729 | E89: 25.423729 | F89: =D89-E89 -> 0 | G89: 25.423729 | H89: =D89-G89 -> 0
B90: saniaRvre Rari | C90: გრძ/მ | D90: =60/1.18 -> 50.847458 | E90: 50.847458 | F90: =D90-E90 -> 0 | G90: 50.847458 | H90: =D90-G90 -> 0
B91: ips 2 ni | C91: მ2 | D91: =2/1.18 -> 1.6949153 | E91: 1.6949153 | F91: =D91-E91 -> 0 | G91: 1.6949153 | H91: =D91-G91 -> 0
B92: bitumis praimeri | C92: ცალი | D92: =97/1.18 -> 82.20339 | E92: 82.20339 | F92: =D92-E92 -> 0 | G92: 82.20339 | H92: =D92-G92 -> 0
B93: hidrosaizolacio masala | C93: მ2 | D93: =15/1.18 -> 12.711864 | E93: 12.711864 | F93: =D93-E93 -> 0 | G93: 12.711864 | H93: =D93-G93 -> 0
B94: Savi karkasis damxmare masala | C94: ცალი | D94: =12/1.18 -> 10.169492 | E94: 10.169492 | F94: =D94-E94 -> 0 | G94: 10.169492 | H94: =D94-G94 -> 0
B95: hidroizolaciis damxmare masala | C95: ცალი | D95: =1/1.18 -> 0.84745763 | E95: 0.84745763 | F95: =D95-E95 -> 0 | G95: 0.84745763 | H95: =D95-G95 -> 0
B96: blokis damxmare masala | C96: ცალი | D96: =1/1.18 -> 0.84745763 | E96: 0.84745763 | F96: =D96-E96 -> 0 | G96: 0.84745763 | H96: =D96-G96 -> 0
B97: aguris damxmare masala | C97: ცალი | D97: =5/1.18 -> 4.2372881 | E97: 4.2372881 | F97: =D97-E97 -> 0 | G97: 4.2372881 | H97: =D97-G97 -> 0
B98: aguris cxauri damxmare masala | C98: ცალი | D98: =50/1.18 -> 42.372881 | E98: 42.372881 | F98: =D98-E98 -> 0 | G98: 42.372881 | H98: =D98-G98 -> 0
B99: fasadis daTfunebis damxmare masala | C99: ცალი | D99: =8/1.18 -> 6.779661 | E99: 6.779661 | F99: =D99-E99 -> 0 | G99: 6.779661 | H99: =D99-G99 -> 0
B100: Savad lesva damxmare masala | C100: ცალი | D100: =0.5/1.18 -> 0.42372881 | E100: 0.42372881 | F100: =D100-E100 -> 0 | G100: 0.42372881 | H100: =D100-G100 -> 0
...

Sheet მომსახურება
A1: # | B1: samuSaos dasaxeleba | C1: gan/ba | D1: Rirebuleba, erT
A2: 1 | B2: 2 | C2: 3 | D2: 5
B3: m/p kar-fanjara | C3: m2 | D3: =130*[2]ფართები!E2/1.18 -> 301.86441 | E3: 301.86441 | F3: =D3-E3 -> 0
B4: aluminis vitraJi | C4: m2 | D4: =160*ფართები!E3/1.18 -> 367.45763 | E4: 372.28475 | F4: =D4-E4 -> -4.8271186
B5: mdf-iT mowyoba | C5: m2 | D5: =230*1.27 -> 292.1 | E5: 292.1 | F5: =D5-E5 -> 0
B6: kar-fanjrebis izolacia | C6: grZ.m | D6: =18/1.18 -> 15.254237 | E6: 15.254237 | F6: =D6-E6 -> 0
B7: iatakebis moWimva | C7: m2 | D7: =14/1.18 -> 11.864407 | E7: 10.169492 | F7: =D7-E7 -> 1.6949153
B8: liTonis binis kari | C8: cali | D8: =1300/1.18 -> 1101.6949 | E8: 1101.6949 | F8: =D8-E8 -> 0
B9: სარდაფის kari | C9: cali | D9: =900/1.18 -> 762.71186 | E9: 762.71186 | F9: =D9-E9 -> 0
B10: saqvabis kari | C10: cali | D10: =1750/1.18 -> 1483.0508 | E10: 1483.0508 | F10: =D10-E10 -> 0
B11: liTonis sadarbazos kari | C11: cali | D11: =3600/1.18 -> 3050.8475 | E11: 3050.8475 | F11: =D11-E11 -> 0
B12: saxuravze gasasvleli gisosi | C12: cali | D12: =170/1.18 -> 144.0678 | E12: 144.0678 | F12: =D12-E12 -> 0
B13: liTonis kibis ujredis kari | C13: cali | D13: =1700/1.18 -> 1440.678 | E13: 1440.678 | F13: =D13-E13 -> 0
B14: liTonis aivnis moajiri | C14: grZ.m | D14: =260/1.18 -> 220.33898 | E14: 220.33898 | F14: =D14-E14 -> 0
B15: liTonis aivnis moajiri ცხაური | C15: მ2 | D15: =260/1.18 -> 220.33898 | E15: 220.33898 | F15: =D15-E15 -> 0
B16: liTonis kibis moajiri | C16: grZ.m | D16: =260/1.18 -> 220.33898 | E16: 220.33898 | F16: =D16-E16 -> 0
B17: liTonis kibis moajiri kedelze misamagrebeli | C17: grZ.m | D17: =85/1.18 -> 72.033898 | E17: 72.033898 | F17: =D17-E17 -> 0
B18: sakomunikacio liTonis kari xis dgarebiT | C18: cali | D18: =2000/1.18 -> 1694.9153 | E18: 1694.9153 | F18: =D18-E18 -> 0
B19: ezos gamyofi xis tixrebi | C19: cali | D19: =1500/1.18 -> 1271.1864 | E19: 1271.1864 | F19: =D19-E19 -> 0
B20: asaZromi kibe | C20: c | D20: =220/1.18 -> 186.44068 | E20: 186.44068 | F20: =D20-E20 -> 0
B21: lifti | C21: cali | D21: =(112425*[2]ფართები!E2/1.18)/2 -> 130527.33 | E21: 130527.33 | F21: =D21-E21 -> 0
B22: domofonis mowyoba | C22: bina | D22: =350/1.18 -> 296.61017 | E22: 296.61017 | F22: =D22-E22 -> 0
B23: internetis daqselva | C23: bina | D23: =160/1.18 -> 135.59322 | E23: 135.59322 | F23: =D23-E23 -> 0
B24: inertuli masalis tkepnis Semowmeba | C24: cali | D24: =50/1.18 -> 42.372881 | E24: 42.372881 | F24: =D24-E24 -> 0
B25: geodeziuri momsaxureba | C25: cali | D25: =550/1.18 -> 466.10169 | E25: 466.10169 | F25: =D25-E25 -> 0
B26: betonis kubikebis Semowmeba | C26: cali | D26: =50/1.18 -> 42.372881 | E26: 42.372881 | F26: =D26-E26 -> 0
B27: liTonis furclis mowyoba | C27: მ2 | D27: =210/1.18 -> 177.9661 | E27: 177.9661 | F27: =D27-E27 -> 0
B28: ინტერნეტის დაქსელვა | C28: მ2 | D28: =90/1.18 -> 76.271186 | E28: 76.271186 | F28: =D28-E28 -> 0
B29: samisamarTo saxanZro signalizaciis mowyoba | C29: სართული | D29: =5000/1.18 -> 4237.2881 | E29: 4237.2881 | F29: =D29-E29 -> 0
B30: saxanZro mildgarebis sistemis mowyoba | C30: სართული | D30: =1300/1.18 -> 1101.6949 | E30: 1101.6949 | F30: =D30-E30 -> 0
B31: saxanZro saventilacio danadgarebis mowyoba | C31: სართული | D31: =3400/1.18 -> 2881.3559 | E31: 2881.3559 | F31: =D31-E31 -> 0
B32: tenti | C32: ცალი | D32: =7667/1.18 -> 6497.4576 | E32: 419.49153 | F32: =D32-E32 -> 6077.9661
B33: wasasmeli hidroizolacia | C33: m2 | D33: =63/1.18 -> 53.389831 | E33: 53.389831 | F33: =D33-E33 -> 0

Sheet ხელფასი
A1: # | B1: samuSaos dasaxeleba | C1: gan/ba | D1: Rirebuleba, erT
A2: 1 | B2: 2 | C2: 3 | D2: 5
B3: რკინა ბეტონის მოწყობა | C3: მ2 | D3: =50*1.275 -> 63.75 | E3: 63.75 | F3: =D3-E3 -> 0
B4: ბლოკი | C4: მ2 | D4: =1.5*1.275*12.5 -> 23.90625 | E4: 23.90625 | F4: =D4-E4 -> 0
B5: ზღუდარი | C5: გრძ/მ | D5: =15*1.275 -> 19.125 | E5: 19.125 | F5: =D5-E5 -> 0
B6: სარტყელი | C6: გრძ/მ | D6: =40*1.275 -> 51 | E6: 44.625 | F6: =D6-E6 -> 6.375
B7: აგური | C7: მ2 | D7: =65*1.275 -> 82.875 | E7: 82.875 | F7: =D7-E7 -> 0
B8: aguris ferdili | C8: grZ.m | D8: =35*1.275 -> 44.625 | E8: 44.625 | F8: =D8-E8 -> 0
B9: aguris cxauris mowyoba | C9: მ2 | D9: =120*1.275 -> 153 | E9: 153 | F9: =D9-E9 -> 0
B10: bazaltis sacremlis mowyoba | C10: grZ.m | D10: =16*1.275 -> 20.4 | E10: 20.4 | F10: =D10-E10 -> 0
B11: kar-fanjris ferdilebis amovseba | C11: cali | D11: =5*1.275 -> 6.375 | E11: 6.375 | F11: =D11-E11 -> 0
B12: საცრემლის მოწყობა | C12: grZ.m | D12: =3*1.275 -> 3.825 | E12: 3.825 | F12: =D12-E12 -> 0
B13: saxuravze Tunuqis mowyoba | C13: m2 | D13: =(23+25)*1.275 -> 61.2 | E13: 61.2 | F13: =D13-E13 -> 0
B14: mwvane saxuravis mowyoba | C14: m2 | D14: =26.5*1.275 -> 33.7875 | E14: 33.7875 | F14: =D14-E14 -> 0
B15: k/granitis mowyoba | C15: m2 | D15: =30*1.275 -> 38.25 | E15: 38.25 | F15: =D15-E15 -> 0
B16: k/granitis plintusis mowyoba | C16: grZ.m | D16: =10*1.275 -> 12.75 | E16: 12.75 | F16: =D16-E16 -> 0
B17: bazaltis safexuris mowyoba | C17: cali | D17: =40*1.275 -> 51 | E17: 44.625 | F17: =D17-E17 -> 6.375
B18: T/muyaos kedlis mowyoba | C18: m2 | D18: =12*1.275 -> 15.3 | E18: 15.3 | F18: =D18-E18 -> 0
B19: T/muyaos tixris mowyoba | C19: m2 | D19: =16*1.275 -> 20.4 | E19: 20.4 | F19: =D19-E19 -> 0
B20: gaTfobis milebis daqselva | C20: bina | D20: =130*1.275 -> 165.75 | E20: 165.75 | F20: =D20-E20 -> 0
B21: kanalizaciis qselis mowyoba | C21: cali | D21: =25*1.275 -> 31.875 | E21: 31.875 | F21: =D21-E21 -> 0
B22: kanalizaciis qselis mowyoba binaSi | C22: cali | D22: =45*1.275 -> 57.375 | E22: 57.375 | F22: =D22-E22 -> 0
B23: ventilaciis qselis mowyoba | C23: cali | D23: =25*1.275 -> 31.875 | E23: 31.875 | F23: =D23-E23 -> 0
B24: eleqtroobis mowyoba | C24: cali | D24: =8*1.275 -> 10.2 | E24: 10.2 | F24: =D24-E24 -> 0
B25: aivnis sanaTis mowyoba | C25: cali | D25: =12*1.275 -> 15.3 | E25: 15.3 | F25: =D25-E25 -> 0
B26: sadarbazos sanaTis mowyoba | C26: cali | D26: =45*1.275 -> 57.375 | E26: 57.375 | F26: =D26-E26 -> 0
B27: Telasis kabelis mowyoba | C27: cali | D27: =45*1.275 -> 57.375 | E27: 57.375 | F27: =D27-E27 -> 0
B28: sadarbazos daqselva | C28: grZ.m | D28: =3*1.275 -> 3.825 | E28: 3.825 | F28: =D28-E28 -> 0
B29: wylis centraluri dgaris mowyoba | C29: grZ.m | D29: =20*1.275 -> 25.5 | E29: 25.5 | F29: =D29-E29 -> 0
B30: wylis daqselva binebSi | C30: cali | D30: =(110+40)*1.275 -> 191.25 | E30: 191.25 | F30: =D30-E30 -> 0
B31: kuTxovanis mowyoba | C31: grZ.m | D31: =10*1.275 -> 12.75 | E31: 12.75 | F31: =D31-E31 -> 0
B32: kedlis gaxvreta kondincionerisTvis | C32: cali | D32: =10*1.275 -> 12.75 | E32: 12.75 | F32: =D32-E32 -> 0
B33: Sida aivanze trapebis mowyoba | C33: cali | D33: =20*1.275 -> 25.5 | E33: 25.5 | F33: =D33-E33 -> 0
B34: fasadis daTfuneba | C34: m2 | D34: =45*1.275 -> 57.375 | E34: 57.375 | F34: =D34-E34 -> 0
B35: sadarbazos lesva | C35: m2 | D35: =18*1.275 -> 22.95 | E35: 22.95 | F35: =D35-E35 -> 0
B36: SefiTxvna | C36: m2 | D36: =15*1.275 -> 19.125 | E36: 19.125 | F36: =D36-E36 -> 0
B37: Rebva | C37: m2 | D37: =7*1.275 -> 8.925 | E37: 8.925 | F37: =D37-E37 -> 0
B38: შავად ლესვა | C38: m2 | D38: =15*1.275 -> 19.125 | E38: 19.125 | F38: =D38-E38 -> 0
B39: ეზოს სანიაღვრე ღარის მოწყობა | C39: გრძ/მ | D39: =50*1.275 -> 63.75 | E39: 63.75 | F39: =D39-E39 -> 0
B40: კიბის საფეხურის მოწყობა | C40: ცალი | D40: =40*1.275 -> 51 | E40: 51 | F40: =D40-E40 -> 0
B41: saZirkvlis hidroizolacia | C41: m2 | D41: =8*1.275 -> 10.2 | E41: 10.2 | F41: =D41-E41 -> 0
B42: ლითონის შველერის მოწყობა | C42: გრძ/მ | D42: =20*1.275 -> 25.5 | E42: 25.5 | F42: =D42-E42 -> 0
B43: მრიცხველების დაერთება | C43: ცალი | D43: =20*1.275 -> 25.5
