Workbook

Sheet ფართები
A1: lisi saxli - 6
B3: TariRi | C3: 45204 | D3: $ | E3: 2.6806
A5: # | B5: sarTuli | C5: samS. farTi | D5: sasarg. farTi | E5: %
A6: 1 | B6: 2 | C6: 3 | D6: 4 | E6: 5
A7: 1 | B7: saZirkveli | C7: =42*18 -> 756 | E7: =D7/C7 -> 0
A8: 2 | B8: 1 | C8: =42*18 -> 756 | D8: 556.8 | E8: =D8/C8 -> 0.73650794
A9: 3 | B9: 2 | C9: =41.8*17.7+1.6*4.4*2+6.5*1.2*2 -> 769.54 | D9: 638.4 | E9: =D9/C9 -> 0.82958651
A10: 4 | B10: 3 | C10: =41.8*17.7+1.6*4.4*6+6.5*1.2*2 -> 797.7 | D10: 638.4 | E10: =D10/C10 -> 0.80030086
A11: 5 | B11: 4 | C11: =41.8*17.7+1.6*4.4*6+6.5*1.2*2 -> 797.7 | D11: 638.4 | E11: =D11/C11 -> 0.80030086
A12: 6 | B12: saxuravi
B13: jami | C13: =SUM(C7:C12) -> 3876.94 | D13: =SUM(D7:D12) -> 2472 | E13: =D13/C13 -> 0.63761626
D17: 1ლ/m2 | E17: 1$/m2
A19: qvabuli | B19: =ბიუჯეტი!K25 -> 134603.96 | D19: =B19/C13 -> 34.719125 | E19: =D19/E3 -> 12.951998
A20: Savi karkasi | B20: =ბიუჯეტი!K57 -> 1542642.7 | D20: =B20/C13 -> 397.90212 | E20: =D20/E3 -> 148.43771
A21: TeTri karkasi | B21: =ბიუჯეტი!K481 -> 2657779.8 | D21: =B21/C13 -> 685.53546 | E21: =D21/E3 -> 255.73956
B22: =SUM(B20:B21) -> 4200422.5 | D22: =SUM(D19:D21) -> 1118.1567 | E22: =SUM(E19:E21) -> 417.12926
B23: =B22-[1]ფართები!$B$22 -> -218113.28

Sheet ბიუჯეტი
A1: q. TbilisSi, lisi
A2: sacxovrebeli saxlis winaswari xarjTaRricxva
A3: saxli #6
A4: xarjTaRricxva
I5: 45204
A6: # | B6: samuSaos dasaxeleba | C6: gan/ba | D6: raod. | E6: masala, erT | F6: masala, sul | G6: xelf, erT | H6: xelf, sul | I6: moms. erT | J6: moms, sul | K6: jami
A7: 1 | B7: 2 | C7: 3 | D7: 4 | E7: 5 | F7: 6 | G7: 7 | H7: 8 | I7: 9 | J7: 10 | K7: 11
B8: qvabulis samuSao
A9: 1 | B9: qvabulis mowyoba | C9: m2 | D9: =SUM(D10:D13) -> 3785.3125 | E9: =SUM(F10:F13)/D9 -> 0 | F9: =D9*E9 -> 0 | G9: 0 | H9: =D9*G9 -> 0 | I9: 18.7 | J9: =I9*D9 -> 70785.344 | K9: =F9+H9+J9 -> 70785.344
B10: qvabulis amoReba | C10: m3 | D10: =(46*20.5*2.7)*1.25 -> 3182.625 | E10: 0 | F10: 0 | G10: 0 | H10: =D10*G10 -> 0 | I10: 0 | J10: =I10*D10 -> 0 | K10: =F10+H10+J10 -> 0
B11: liftis Saxtis ormos amoReba | C11: m3 | D11: =(2.5*2.3*2.1*2)*1.25 -> 30.1875 | E11: 0 | F11: =D11*E11 -> 0 | G11: 0 | H11: =D11*G11 -> 0 | I11: 0 | J11: =I11*D11 -> 0 | K11: =F11+H11+J11 -> 0
B12: svetis ormos amoReba | C12: m3 | D12: =(2.5*2.5*2*26)*1.25 -> 406.25 | E12: 0 | F12: =D12*E12 -> 0 | G12: 0 | H12: =D12*G12 -> 0 | I12: 0 | J12: =I12*D12 -> 0 | K12: =F12+H12+J12 -> 0
B13: gverdiTa kedlebisTvis moWra | C13: m3 | D13: =(7*5*1.9*2)*1.25 -> 166.25 | E13: 0 | F13: =D13*E13 -> 0 | G13: 0 | H13: =D13*G13 -> 0 | I13: 0 | J13: =I13*D13 -> 0 | K13: =F13+H13+J13 -> 0
A14: 2 | B14: kodaliT muSaoba | C14: Tve | D14: 14 | E14: 0 | F14: =D14*E14 -> 0 | H14: =D14*G14 -> 0 | I14: =1400/1.18 -> 1186.4407 | J14: =I14*D14 -> 16610.169 | K14: =F14+H14+J14 -> 16610.169
B15: jami | F15: =F14+F9 -> 0 | H15: =H14+H9 -> 0 | J15: =J14+J9 -> 87395.513 | K15: =K14+K9 -> 87395.513
B16: zednadebi xarji | C16: 0.074 | K16: =K15*C16 -> 6467.268
B17: jami | K17: =SUM(K15:K16) -> 93862.781
B18: yalibi | C18: 0.03 | K18: =K17*C18 -> 2815.8834
B19: jami | K19: =SUM(K17:K18) -> 96678.665
B20: teqnika | C20: 0.035 | K20: =K19*C20 -> 3383.7533
B21: jami | K21: =SUM(K19:K20) -> 100062.42
B22: mogeba | C22: 0.14 | K22: =K21*C22 -> 14008.739
B23: jami | K23: =SUM(K21:K22) -> 114071.16
B24: dRg | C24: 0.18 | K24: =K23*C24 -> 20532.808
B25: mTliani | K25: =SUM(K23:K24) -> 134603.96
A27: # | B27: samuSaos dasaxeleba | C27: gan/ba | D27: raod. | E27: masala, erT | F27: masala, sul | G27: xelf, erT | H27: xelf, sul | I27: moms. erT | J27: moms, sul | K27: jami
A28: 1 | B28: 2 | C28: 3 | D28: 4 | E28: 5 | F28: 6 | G28: 7 | H28: 8 | I28: 9 | J28: 10 | K28: 11
B29: konstruqciuli nawili
A30: 1 | B30: rkinabetonis karkasi | C30: m2 | D30: =D31 -> 4750.01 | E30: =SUM(F31:F39)/D30 -> 133.44727 | F30: =D30*E30 -> 633875.85 | G30: =SUM(H31:H39)/D30 -> 52.507047 | H30: =D30*G30 -> 249409 | I30: =SUM(J31:J39)/D30 -> 1.3010091 | J30: =I30*D30 -> 6179.8061 | K30: =F30+H30+J30 -> 889464.65
B31: karkasis mowyoba | C31: m2 | D31: =ფართები!C13+26.25+43.12+356+119+88.2+176.4+33.4+16.2+14.5 -> 4750.01 | F31: 0 | G31: =40*1.275 -> 51 | H31: =D31*G31 -> 242250.51 | K31: =F31+H31+J31 -> 242250.51
B32: betoni b-7.5 | C32: m3 | D32: 40 | E32: =(170+9)/1.18 -> 151.69492 | F32: =D32*E32 -> 6067.7966 | H32: =D32*G32 -> 0 | K32: =F32+H32+J32 -> 6067.7966
B33: betoni b-25 | C33: m3 | D33: =(1050.42)*1.02 -> 1071.4284 | E33: =(230+9)/1.18 -> 202.54237 | F33: =D33*E33 -> 217009.65 | H33: =D33*G33 -> 0 | K33: =F33+H33+J33 -> 217009.65
B34: Sveleris mowyoba | C34: grZ.m | D34: 353 | E34: =116/1.18 -> 98.305085 | F34: =D34*E34 -> 34701.695 | G34: =15*1.275 -> 19.125 | H34: =D34*G34 -> 6751.125 | J34: =I34*D34 -> 0 | K34: =F34+H34+J34 -> 41452.82
B35: ლითონის ფურცლის მოწყობა | C35: grZ.m | D35: =7.1*3 -> 21.3 | E35: =225/1.18 -> 190.67797 | F35: =D35*E35 -> 4061.4407 | G35: =15*1.275 -> 19.125 | H35: =D35*G35 -> 407.3625 | J35: =I35*D35 -> 0 | K35: =F35+H35+J35 -> 4468.8032
B36: armatura a240 | C36: t | D36: 7.85 | E36: =850*ფართები!$E$3/1.18 -> 1930.9407 | F36: =D36*E36 -> 15157.884 | H36: =D36*G36 -> 0 | K36: =F36+H36+J36 -> 15157.884
B37: armatura a500 | C37: t | D37: =132.6*1.05 -> 139.23 | E37: =850*ფართები!$E$3/1.18 -> 1930.9407 | F37: =D37*E37 -> 268844.87 | H37: =D37*G37 -> 0 | K37: =F37+H37+J37 -> 268844.87
B38: damxmare masala | C38: m2 | D38: =$D$31 -> 4750.01 | E38: =12/1.18 -> 10.169492 | F38: =D38*E38 -> 48305.186 | H38: =D38*G38 -> 0 | K38: =F38+H38+J38 -> 48305.186
B39: inertuli masala | C39: m3 | D39: =((41*17.8*0.5)+(D11+D12))*1.3 -> 1041.7388 | E39: =45/1.18 -> 38.135593 | F39: =D39*E39 -> 39727.325 | H39: =G39*D39 -> 0 | I39: =7/1.18 -> 5.9322034 | J39: =I39*D39 -> 6179.8061 | K39: =F39+H39+J39 -> 45907.131
A40: 2 | B40: saZirkvlis betonis kedlebis hidroizolacia | C40: m2 | D40: =(41+18)*2 -> 118 | E40: =SUM(F41:F44)/D40 -> 38.221398 | F40: =D40*E40 -> 4510.125 | G40: =SUM(H41:H44)/D40 -> 10.2 | H40: =G40*D40 -> 1203.6 | I40: 0 | J40: =D40*I40 -> 0 | K40: =F40+H40+J40 -> 5713.725
B41: hidroizolacia | C41: m2 | D41: =D40 -> 118 | F41: =D41*E41 -> 0 | G41: =8*1.275 -> 10.2 | H41: =D41*G41 -> 1203.6 | J41: =D41*I41 -> 0 | K41: =F41+H41+J41 -> 1203.6
B42: praimeri | C42: cali | D42: =D41*0.5/20*1.05 -> 3.0975 | E42: =93/1.18 -> 78.813559 | F42: =D42*E42 -> 244.125 | H42: =D42*G42 -> 0 | K42: =F42+H42 -> 244.125
B43: linokromi | C43: m2 | D43: =D41*2*1.1 -> 259.6 | E43: =17.8/1.18 -> 15.084746 | F43: =D43*E43 -> 3916 | H43: =D43*G43 -> 0 | K43: =F43+H43 -> 3916
B44: damxmare masala | C44: m2 | D44: =D41 -> 118 | E44: =3.5/1.18 -> 2.9661017 | F44: =D44*E44 -> 350 | H44: =D44*G44 -> 0 | K44: =F44+H44 -> 350
A45: 3 | B45: usafrTxoebis xarji | C45: Tve | D45: 3 | E45: =8200/1.18 -> 6949.1525 | F45: =D45*E45 -> 20847.458 | H45: =D45*G45 -> 0 | I45: =9500/1.18 -> 8050.8475 | J45: =I45*D45 -> 24152.542 | K45: =F45+H45+J45 -> 45000
A46: 4 | B46: dRiuri muSebi | C46: kac/dRe | D46: 60 | F46: =D46*E46 -> 0 | G46: =4*80*1.275 -> 408 | H46: =G46*D46 -> 24480 | I46: 0 | J46: 0 | K46: =F46+H46 -> 24480
B47: jami | F47: =F46+F45+F30+F40 -> 659233.43 | H47: =H46+H45+H30+H40 -> 275092.6 | J47: =J46+J45+J30+J40 -> 30332.349 | K47: =K46+K45+K30+K40 -> 964658.38
B48: zednadebi xarji | C48: 0.074 | K48: =K47*C48 -> 71384.72
B49: jami | K49: =SUM(K47:K48) -> 1036043.1
B50: yalibi | C50: 0.0465 | K50: =K49*C50 -> 48176.004
B51: jami | K51: =SUM(K49:K50) -> 1084219.1
B52: teqnika | C52: 0.035 | K52: =K51*C52 -> 37947.669
B53: jami | K53: =SUM(K51:K52) -> 1122166.8
B54: mogeba | C54: 0.165 | K54: =K53*C54 -> 185157.52
B55: jami | K55: =SUM(K53:K54) -> 1307324.3
B56: dRg | C56: 0.18 | K56: =K55*C56 -> 235318.37
B57: mTliani | K57: =SUM(K55:K56) -> 1542642.7
L58: მოც | M58: სხვაობა | N58: მასალა | O58: სხვაობა | P58: ხელფ | Q58: სხვაობა | R58: მომსახურება | S58: სხვაობა | T58: ჯამი | U58: სხვაობა
B59: TeTri karkasi
A60: 1 | B60: blokis wyoba 20 | C60: m2 | D60: =SUM(,D61,D69,D78) -> 2107.7123 | E60: =SUM(F79:F87,F70:F77,F62:F68,)/D60 -> 26.473002 | F60: =D60*E60 -> 55797.472 | G60: =SUM(H83,H78,H74,H69,H63,H61,)/D60 -> 26.119354 | H60: =G60*D60 -> 55052.085 | I60: 0 | J60: 0 | K60: =F60+H60+J60 -> 110849.56 | L60: =VLOOKUP($B60,[1]ბიუჯეტი!$B$59:$K$464,3,FALSE) -> 2224.1808 | M60: =D60-L60 -> -116.4685 | N60: =VLOOKUP($B60,[1]ბიუჯეტი!$B$59:$K$464,4,FALSE) -> 25.744143 | O60: =E60-N60 -> 0.72885954 | P60: =VLOOKUP($B60,[1]ბიუჯეტი!$B$59:$K$464,6,FALSE) -> 25.121242 | Q60: =G60-P60 -> 0.99811218 | R60: =VLOOKUP($B60,[1]ბიუჯეტი!$B$59:$K$464,8,FALSE) -> 0 | S60: =I60-R60 -> 0 | T60: =VLOOKUP($B60,[1]ბიუჯეტი!$B$59:$K$464,10,FALSE) -> 113133.81 | U60: =K60-T60 -> -2284.2555
A61: 1 | B61: blokis wyoba 20 niS -2.55 | C61: m2 | D61: =სამუშაო!I4 -> 220.59 | F61: =D61*E61 -> 0 | G61: =1.5*1.275*12.5 -> 23.90625 | H61: =D61*G61 -> 5273.4797 | K61: =F61+H61 -> 5273.4797 | L61: =VLOOKUP($B61,[1]ბიუჯეტი!$B$59:$K$464,3,FALSE) -> 0 | M61: =D61-L61 -> 220.59 | N61: =VLOOKUP($B61,[1]ბიუჯეტი!$B$59:$K$464,4,FALSE) -> 0 | O61: =E61-N61 -> 0 | P61: =VLOOKUP($B61,[1]ბიუჯეტი!$B$59:$K$464,6,FALSE) -> 23.90625 | Q61: =G61-P61 -> 0 | R61: =VLOOKUP($B61,[1]ბიუჯეტი!$B$59:$K$464,8,FALSE) -> 0 | S61: =I61-R61 -> 0 | T61: =VLOOKUP($B61,[1]ბიუჯეტი!$B$59:$K$464,10,FALSE) -> 0 | U61: =K61-T61 -> 5273.4797
B62: bloki 20-iani | C62: c | D62: =D61*13 -> 2867.67 | E62: =1.85/1.18 -> 1.5677966 | F62: =D62*E62 -> 4495.9233 | H62: =D62*G62 -> 0 | K62: =F62+H62 -> 4495.9233 | L62: =VLOOKUP($B62,[1]ბიუჯეტი!$B$59:$K$464,3,FALSE) -> 0 | M62: =D62-L62 -> 2867.67 | N62: =VLOOKUP($B62,[1]ბიუჯეტი!$B$59:$K$464,4,FALSE) -> 1.5677966 | O62: =E62-N62 -> 0 | P62: =VLOOKUP($B62,[1]ბიუჯეტი!$B$59:$K$464,6,FALSE) -> 0 | Q62: =G62-P62 -> 0 | R62: =VLOOKUP($B62,[1]ბიუჯეტი!$B$59:$K$464,8,FALSE) -> 0 | S62: =I62-R62 -> 0 | T62: =VLOOKUP($B62,[1]ბიუჯეტი!$B$59:$K$464,10,FALSE) -> 0 | U62: =K62-T62 -> 4495.9233
B63: სარტყელი | C63: grZ.m | D63: =6.5+6.5+3.1+1+6.65+6.65+1+5.9+1.2+2.85+5.9+1.2+2.85 -> 51.3 | F63: =D63*E63 -> 0 | G63: =30*1.275 -> 38.25 | H63: =D63*G63 -> 1962.225 | K63: =F63+H63 -> 1962.225 | L63: =VLOOKUP($B63,[1]ბიუჯეტი!$B$59:$K$464,3,FALSE) -> #N/A | M63: =D63-L63 -> #N/A | N63: =VLOOKUP($B63,[1]ბიუჯეტი!$B$59:$K$464,4,FALSE) -> #N/A | O63: =E63-N63 -> #N/A | P63: =VLOOKUP($B63,[1]ბიუჯეტი!$B$59:$K$464,6,FALSE) -> #N/A | Q63: =G63-P63 -> #N/A | R63: =VLOOKUP($B63,[1]ბიუჯეტი!$B$59:$K$464,8,FALSE) -> #N/A | S63: =I63-R63 -> #N/A | T63: =VLOOKUP($B63,[1]ბიუჯეტი!$B$59:$K$464,10,FALSE) -> #N/A | U63: =K63-T63 -> #N/A
B64: ბეტონი | C64: მ3 | D64: =D63*0.2*0.2 -> 2.052 | E64: =220/1.18 -> 186.44068 | F64: =D64*E64 -> 382.57627 | H64: =D64*G64 -> 0 | K64: =F64+H64 -> 382.57627 | L64: =VLOOKUP($B64,[1]ბიუჯეტი!$B$59:$K$464,3,FALSE) -> #N/A | M64: =D64-L64 -> #N/A | N64: =VLOOKUP($B64,[1]ბიუჯეტი!$B$59:$K$464,4,FALSE) -> #N/A | O64: =E64-N64 -> #N/A | P64: =VLOOKUP($B64,[1]ბიუჯეტი!$B$59:$K$464,6,FALSE) -> #N/A | Q64: =G64-P64 -> #N/A | R64: =VLOOKUP($B64,[1]ბიუჯეტი!$B$59:$K$464,8,FALSE) -> #N/A | S64: =I64-R64 -> #N/A | T64: =VLOOKUP($B64,[1]ბიუჯეტი!$B$59:$K$464,10,FALSE) -> #N/A | U64: =K64-T64 -> #N/A
B65: არმატურა | C65: ტონა | D65: 0.12 | E65: =2120/1.18 -> 1796.6102 | F65: =D65*E65 -> 215.59322 | H65: =D65*G65 -> 0 | K65: =F65+H65 -> 215.59322 | L65: =VLOOKUP($B65,[1]ბიუჯეტი!$B$59:$K$464,3,FALSE) -> #N/A | M65: =D65-L65 -> #N/A | N65: =VLOOKUP($B65,[1]ბიუჯეტი!$B$59:$K$464,4,FALSE) -> #N/A | O65: =E65-N65 -> #N/A | P65: =VLOOKUP($B65,[1]ბიუჯეტი!$B$59:$K$464,6,FALSE) -> #N/A | Q65: =G65-P65 -> #N/A | R65: =VLOOKUP($B65,[1]ბიუჯეტი!$B$59:$K$464,8,FALSE) -> #N/A | S65: =I65-R65 -> #N/A | T65: =VLOOKUP($B65,[1]ბიუჯეტი!$B$59:$K$464,10,FALSE) -> #N/A | U65: =K65-T65 -> #N/A
B66: qviSa | C66: m3 | D66: =D61*0.03*1.05 -> 6.948585 | E66: =65/1.18 -> 55.084746 | F66: =D66*E66 -> 382.76104 | H66: =D66*G66 -> 0 | K66: =F66+H66 -> 382.76104 | L66: =VLOOKUP($B66,[1]ბიუჯეტი!$B$59:$K$464,3,FALSE) -> 0 | M66: =D66-L66 -> 6.948585 | N66: =VLOOKUP($B66,[1]ბიუჯეტი!$B$59:$K$464,4,FALSE) -> 55.084746 | O66: =E66-N66 -> 0 | P66: =VLOOKUP($B66,[1]ბიუჯეტი!$B$59:$K$464,6,FALSE) -> 0 | Q66: =G66-P66 -> 0 | R66: =VLOOKUP($B66,[1]ბიუჯეტი!$B$59:$K$464,8,FALSE) -> 0 | S66: =I66-R66 -> 0 | T66: =VLOOKUP($B66,[1]ბიუჯეტი!$B$59:$K$464,10,FALSE) -> 0 | U66: =K66-T66 -> 382.76104
B67: cementi m300 | C67: t | D67: =D66/4*1.05 -> 1.8240036 | E67: =281.5/1.18 -> 238.55932 | F67: =D67*E67 -> 435.13305 | H67: =D67*G67 -> 0 | K67: =F67+H67 -> 435.13305 | L67: =VLOOKUP($B67,[1]ბიუჯეტი!$B$59:$K$464,3,FALSE) -> 0 | M67: =D67-L67 -> 1.8240036 | N67: =VLOOKUP($B67,[1]ბიუჯეტი!$B$59:$K$464,4,FALSE) -> 238.55932 | O67: =E67-N67 -> 0 | P67: =VLOOKUP($B67,[1]ბიუჯეტი!$B$59:$K$464,6,FALSE) -> 0 | Q67: =G67-P67 -> 0 | R67: =VLOOKUP($B67,[1]ბიუჯეტი!$B$59:$K$464,8,FALSE) -> 0 | S67: =I67-R67 -> 0 | T67: =VLOOKUP($B67,[1]ბიუჯეტი!$B$59:$K$464,10,FALSE) -> 0 | U67: =K67-T67 -> 435.13305
B68: damxmare masala | C68: m2 | D68: =D61 -> 220.59 | E68: =1/1.18 -> 0.84745763 | F68: =D68*E68 -> 186.94068 | H68: =D68*G68 -> 0 | K68: =F68+H68 -> 186.94068 | L68: =VLOOKUP($B68,[1]ბიუჯეტი!$B$59:$K$464,3,FALSE) -> 0 | M68: =D68-L68 -> 220.59 | N68: =VLOOKUP($B68,[1]ბიუჯეტი!$B$59:$K$464,4,FALSE) -> 0.84745763 | O68: =E68-N68 -> 0 | P68: =VLOOKUP($B68,[1]ბიუჯეტი!$B$59:$K$464,6,FALSE) -> 0 | Q68: =G68-P68 -> 0 | R68: =VLOOKUP($B68,[1]ბიუჯეტი!$B$59:$K$464,8,FALSE) -> 0 | S68: =I68-R68 -> 0 | T68: =VLOOKUP($B68,[1]ბიუჯეტი!$B$59:$K$464,10,FALSE) -> 0 | U68: =K68-T68 -> 186.94068
A69: 2 | B69: blokis wyoba 20 niS 0.00 | C69: m2 | D69: =სამუშაო!I4 -> 220.59 | F69: =D69*E69 -> 0 | G69: =1.5*1.275*12.5 -> 23.90625 | H69: =D69*G69 -> 5273.4797 | K69: =F69+H69 -> 5273.4797 | L69: =VLOOKUP($B69,[1]ბიუჯეტი!$B$59:$K$464,3,FALSE) -> 584.4318 | M69: =D69-L69 -> -363.8418 | N69: =VLOOKUP($B69,[1]ბიუჯეტი!$B$59:$K$464,4,FALSE) -> 0 | O69: =E69-N69 -> 0 | P69: =VLOOKUP($B69,[1]ბიუჯეტი!$B$59:$K$464,6,FALSE) -> 23.90625 | Q69: =G69-P69 -> 0 | R69: =VLOOKUP($B69,[1]ბიუჯეტი!$B$59:$K$464,8,FALSE) -> 0 | S69: =I69-R69 -> 0 | T69: =VLOOKUP($B69,[1]ბიუჯეტი!$B$59:$K$464,10,FALSE) -> 13971.573 | U69: =K69-T69 -> -8698.093
B70: bloki 20-iani | C70: c | D70: =D69*13 -> 2867.67 | E70: =1.85/1.18 -> 1.5677966 | F70: =D70*E70 -> 4495.9233 | H70: =D70*G70 -> 0 | K70: =F70+H70 -> 4495.9233 | L70: =VLOOKUP($B70,[1]ბიუჯეტი!$B$59:$K$464,3,FALSE) -> 0 | M70: =D70-L70 -> 2867.67 | N70: =VLOOKUP($B70,[1]ბიუჯეტი!$B$59:$K$464,4,FALSE) -> 1.5677966 | O70: =E70-N70 -> 0 | P70: =VLOOKUP($B70,[1]ბიუჯეტი!$B$59:$K$464,6,FALSE) -> 0 | Q70: =G70-P70 -> 0 | R70: =VLOOKUP($B70,[1]ბიუჯეტი!$B$59:$K$464,8,FALSE) -> 0 | S70: =I70-R70 -> 0 | T70: =VLOOKUP($B70,[1]ბიუჯეტი!$B$59:$K$464,10,FALSE) -> 0 | U70: =K70-T70 -> 4495.9233
B71: სარტყელი | C71: grZ.m | D71: =3.6+1.8+3.6+1.8 -> 10.8 | F71: =D71*E71 -> 0 | G71: =30*1.275 -> 38.25 | H71: =D71*G71 -> 413.1 | K71: =F71+H71 -> 413.1 | L71: =VLOOKUP($B71,[1]ბიუჯეტი!$B$59:$K$464,3,FALSE) -> #N/A | M71: =D71-L71 -> #N/A | N71: =VLOOKUP($B71,[1]ბიუჯეტი!$B$59:$K$464,4,FALSE) -> #N/A | O71: =E71-N71 -> #N/A | P71: =VLOOKUP($B71,[1]ბიუჯეტი!$B$59:$K$464,6,FALSE) -> #N/A | Q71: =G71-P71 -> #N/A | R71: =VLOOKUP($B71,[1]ბიუჯეტი!$B$59:$K$464,8,FALSE) -> #N/A | S71: =I71-R71 -> #N/A | T71: =VLOOKUP($B71,[1]ბიუჯეტი!$B$59:$K$464,10,FALSE) -> #N/A | U71: =K71-T71 -> #N/A
B72: ბეტონი | C72: მ3 | D72: =D71*0.2*0.2 -> 0.432 | E72: =220/1.18 -> 186.44068 | F72: =D72*E72 -> 80.542373 | H72: =D72*G72 -> 0 | K72: =F72+H72 -> 80.542373 | L72: =VLOOKUP($B72,[1]ბიუჯეტი!$B$59:$K$464,3,FALSE) -> #N/A | M72: =D72-L72 -> #N/A | N72: =VLOOKUP($B72,[1]ბიუჯეტი!$B$59:$K$464,4,FALSE) -> #N/A | O72: =E72-N72 -> #N/A | P72: =VLOOKUP($B72,[1]ბიუჯეტი!$B$59:$K$464,6,FALSE) -> #N/A | Q72: =G72-P72 -> #N/A | R72: =VLOOKUP($B72,[1]ბიუჯეტი!$B$59:$K$464,8,FALSE) -> #N/A | S72: =I72-R72 -> #N/A | T72: =VLOOKUP($B72,[1]ბიუჯეტი!$B$59:$K$464,10,FALSE) -> #N/A | U72: =K72-T72 -> #N/A
B73: არმატურა | C73: ტონა | D73: 0.05 | E73: =2120/1.18 -> 1796.6102 | F73: =D73*E73 -> 89.830508 | H73: =D73*G73 -> 0 | K73: =F73+H73 -> 89.830508 | L73: =VLOOKUP($B73,[1]ბიუჯეტი!$B$59:$K$464,3,FALSE) -> #N/A | M73: =D73-L73 -> #N/A | N73: =VLOOKUP($B73,[1]ბიუჯეტი!$B$59:$K$464,4,FALSE) -> #N/A | O73: =E73-N73 -> #N/A | P73: =VLOOKUP($B73,[1]ბიუჯეტი!$B$59:$K$464,6,FALSE) -> #N/A | Q73: =G73-P73 -> #N/A | R73: =VLOOKUP($B73,[1]ბიუჯეტი!$B$59:$K$464,8,FALSE) -> #N/A | S73: =I73-R73 -> #N/A | T73: =VLOOKUP($B73,[1]ბიუჯეტი!$B$59:$K$464,10,FALSE) -> #N/A | U73: =K73-T73 -> #N/A
B74: zRudari | C74: გრძ/მ | D74: =15.6+16.5+30 -> 62.1 | E74: =15/1.18 -> 12.711864 | F74: =D74*E74 -> 789.40678 | G74: =15*1.275 -> 19.125 | H74: =D74*G74 -> 1187.6625 | K74: =F74+H74 -> 1977.0693 | L74: =VLOOKUP($B74,[1]ბიუჯეტი!$B$59:$K$464,3,FALSE) -> 0 | M74: =D74-L74 -> 62.1 | N74: =VLOOKUP($B74,[1]ბიუჯეტი!$B$59:$K$464,4,FALSE) -> 31.091149 | O74: =E74-N74 -> -18.379285 | P74: =VLOOKUP($B74,[1]ბიუჯეტი!$B$59:$K$464,6,FALSE) -> 19.125 | Q74: =G74-P74 -> 0 | R74: =VLOOKUP($B74,[1]ბიუჯეტი!$B$59:$K$464,8,FALSE) -> 0 | S74: =I74-R74 -> 0 | T74: =VLOOKUP($B74,[1]ბიუჯეტი!$B$59:$K$464,10,FALSE) -> 0 | U74: =K74-T74 -> 1977.0693
B75: qviSa | C75: m3 | D75: =D69*0.03*1.05 -> 6.948585 | E75: =65/1.18 -> 55.084746 | F75: =D75*E75 -> 382.76104 | H75: =D75*G75 -> 0 | K75: =F75+H75 -> 382.76104 | L75: =VLOOKUP($B75,[1]ბიუჯეტი!$B$59:$K$464,3,FALSE) -> 0 | M75: =D75-L75 -> 6.948585 | N75: =VLOOKUP($B75,[1]ბიუჯეტი!$B$59:$K$464,4,FALSE) -> 55.084746 | O75: =E75-N75 -> 0 | P75: =VLOOKUP($B75,[1]ბიუჯეტი!$B$59:$K$464,6,FALSE) -> 0 | Q75: =G75-P75 -> 0 | R75: =VLOOKUP($B75,[1]ბიუჯეტი!$B$59:$K$464,8,FALSE) -> 0 | S75: =I75-R75 -> 0 | T75: =VLOOKUP($B75,[1]ბიუჯეტი!$B$59:$K$464,10,FALSE) -> 0 | U75: =K75-T75 -> 382.76104
B76: cementi m300 | C76: t | D76: =D75/4*1.05 -> 1.8240036 | E76: =281.5/1.18 -> 238.55932 | F76: =D76*E76 -> 435.13305 | H76: =D76*G76 -> 0 | K76: =F76+H76 -> 435.13305 | L76: =VLOOKUP($B76,[1]ბიუჯეტი!$B$59:$K$464,3,FALSE) -> 0 | M76: =D76-L76 -> 1.8240036 | N76: =VLOOKUP($B76,[1]ბიუჯეტი!$B$59:$K$464,4,FALSE) -> 238.55932 | O76: =E76-N76 -> 0 | P76: =VLOOKUP($B76,[1]ბიუჯეტი!$B$59:$K$464,6,FALSE) -> 0 | Q76: =G76-P76 -> 0 | R76: =VLOOKUP($B76,[1]ბიუჯეტი!$B$59:$K$464,8,FALSE) -> 0 | S76: =I76-R76 -> 0 | T76: =VLOOKUP($B76,[1]ბიუჯეტი!$B$59:$K$464,10,FALSE) -> 0 | U76: =K76-T76 -> 435.13305
B77: damxmare masala | C77: m2 | D77: =D69 -> 220.59 | E77: =1/1.18 -> 0.84745763 | F77: =D77*E77 -> 186.94068 | H77: =D77*G77 -> 0 | K77: =F77+H77 -> 186.94068 | L77: =VLOOKUP($B77,[1]ბიუჯეტი!$B$59:$K$464,3,FALSE) -> 0 | M77: =D77-L77 -> 220.59 | N77: =VLOOKUP($B77,[1]ბიუჯეტი!$B$59:$K$464,4,FALSE) -> 0.84745763 | O77: =E77-N77 -> 0 | P77: =VLOOKUP($B77,[1]ბიუჯეტი!$B$59:$K$464,6,FALSE) -> 0 | Q77: =G77-P77 -> 0 | R77: =VLOOKUP($B77,[1]ბიუჯეტი!$B$59:$K$464,8,FALSE) -> 0 | S77: =I77-R77 -> 0 | T77: =VLOOKUP($B77,[1]ბიუჯეტი!$B$59:$K$464,10,FALSE) -> 0 | U77: =K77-T77 -> 186.94068
A78: 3 | B78: blokis wyoba 20 niS 3.20/6.40/9.60 | C78: m2 | D78: =სამუშაო!I5+სამუშაო!I6+სამუშაო!I7 -> 1666.5323 | F78: =D78*E78 -> 0 | G78: =1.5*1.275*12.5 -> 23.90625 | H78: =D78*G78 -> 39840.538 | K78: =F78+H78 -> 39840.538 | L78: =VLOOKUP($B78,[1]ბიუჯეტი!$B$59:$K$464,3,FALSE) -> 1639.749 | M78: =D78-L78 -> 26.7833 | N78: =VLOOKUP($B78,[1]ბიუჯეტი!$B$59:$K$464,4,FALSE) -> 0 | O78: =E78-N78 -> 0 | P78: =VLOOKUP($B78,[1]ბიუჯეტი!$B$59:$K$464,6,FALSE) -> 23.90625 | Q78: =G78-P78 -> 0 | R78: =VLOOKUP($B78,[1]ბიუჯეტი!$B$59:$K$464,8,FALSE) -> 0 | S78: =I78-R78 -> 0 | T78: =VLOOKUP($B78,[1]ბიუჯეტი!$B$59:$K$464,10,FALSE) -> 39200.25 | U78: =K78-T78 -> 640.28827
B79: bloki 20-iani | C79: c | D79: =D78*13 -> 21664.92 | E79: =1.85/1.18 -> 1.5677966 | F79: =D79*E79 -> 33966.188 | H79: =D79*G79 -> 0 | K79: =F79+H79 -> 33966.188 | L79: =VLOOKUP($B79,[1]ბიუჯეტი!$B$59:$K$464,3,FALSE) -> 0 | M79: =D79-L79 -> 21664.92 | N79: =VLOOKUP($B79,[1]ბიუჯეტი!$B$59:$K$464,4,FALSE) -> 1.5677966 | O79: =E79-N79 -> 0 | P79: =VLOOKUP($B79,[1]ბიუჯეტი!$B$59:$K$464,6,FALSE) -> 0 | Q79: =G79-P79 -> 0 | R79: =VLOOKUP($B79,[1]ბიუჯეტი!$B$59:$K$464,8,FALSE) -> 0 | S79: =I79-R79 -> 0 | T79: =VLOOKUP($B79,[1]ბიუჯეტი!$B$59:$K$464,10,FALSE) -> 0 | U79: =K79-T79 -> 33966.188
B80: სარტყელი | C80: grZ.m | D80: =(3.6+1.8+3.6+1.8)*2 -> 21.6 | F80: =D80*E80 -> 0 | G80: =30*1.275 -> 38.25 | H80: =D80*G80 -> 826.2 | K80: =F80+H80 -> 826.2 | L80: =VLOOKUP($B80,[1]ბიუჯეტი!$B$59:$K$464,3,FALSE) -> #N/A | M80: =D80-L80 -> #N/A | N80: =VLOOKUP($B80,[1]ბიუჯეტი!$B$59:$K$464,4,FALSE) -> #N/A | O80: =E80-N80 -> #N/A | P80: =VLOOKUP($B80,[1]ბიუჯეტი!$B$59:$K$464,6,FALSE) -> #N/A | Q80: =G80-P80 -> #N/A | R80: =VLOOKUP($B80,[1]ბიუჯეტი!$B$59:$K$464,8,FALSE) -> #N/A | S80: =I80-R80 -> #N/A | T80: =VLOOKUP($B80,[1]ბიუჯეტი!$B$59:$K$464,10,FALSE) -> #N/A | U80: =K80-T80 -> #N/A
B81: ბეტონი | C81: მ3 | D81: =D80*0.2*0.2 -> 0.864 | E81: =220/1.18 -> 186.44068 | F81: =D81*E81 -> 161.08475 | H81: =D81*G81 -> 0 | K81: =F81+H81 -> 161.08475 | L81: =VLOOKUP($B81,[1]ბიუჯეტი!$B$59:$K$464,3,FALSE) -> #N/A | M81: =D81-L81 -> #N/A | N81: =VLOOKUP($B81,[1]ბიუჯეტი!$B$59:$K$464,4,FALSE) -> #N/A | O81: =E81-N81 -> #N/A | P81: =VLOOKUP($B81,[1]ბიუჯეტი!$B$59:$K$464,6,FALSE) -> #N/A | Q81: =G81-P81 -> #N/A | R81: =VLOOKUP($B81,[1]ბიუჯეტი!$B$59:$K$464,8,FALSE) -> #N/A | S81: =I81-R81 -> #N/A | T81: =VLOOKUP($B81,[1]ბიუჯეტი!$B$59:$K$464,10,FALSE) -> #N/A | U81: =K81-T81 -> #N/A
B82: არმატურა | C82: ტონა | D82: 0.09 | E82: =2120/1.18 -> 1796.6102 | F82: =D82*E82 -> 161.69492 | H82: =D82*G82 -> 0 | K82: =F82+H82 -> 161.69492 | L82: =VLOOKUP($B82,[1]ბიუჯეტი!$B$59:$K$464,3,FALSE) -> #N/A | M82: =D82-L82 -> #N/A | N82: =VLOOKUP($B82,[1]ბიუჯეტი!$B$59:$K$464,4,FALSE) -> #N/A | O82: =E82-N82 -> #N/A | P82: =VLOOKUP($B82,[1]ბიუჯეტი!$B$59:$K$464,6,FALSE) -> #N/A | Q82: =G82-P82 -> #N/A | R82: =VLOOKUP($B82,[1]ბიუჯეტი!$B$59:$K$464,8,FALSE) -> #N/A | S82: =I82-R82 -> #N/A | T82: =VLOOKUP($B82,[1]ბიუჯეტი!$B$59:$K$464,10,FALSE) -> #N/A | U82: =K82-T82 -> #N/A
B83: zRudari | C83: გრძ/მ | D83: =(48+18)*1.2 -> 79.2 | E83: =15/1.18 -> 12.711864 | F83: =D83*E83 -> 1006.7797 | G83: =15*1.275 -> 19.125 | H83: =D83*G83 -> 1514.7 | K83: =F83+H83 -> 2521.4797 | L83: =VLOOKUP($B83,[1]ბიუჯეტი!$B$59:$K$464,3,FALSE) -> 0 | M83: =D83-L83 -> 79.2 | N83: =VLOOKUP($B83,[1]ბიუჯეტი!$B$59:$K$464,4,FALSE) -> 31.091149 | O83: =E83-N83 -> -18.379285 | P83: =VLOOKUP($B83,[1]ბიუჯეტი!$B$59:$K$464,6,FALSE) -> 19.125 | Q83: =G83-P83 -> 0 | R83: =VLOOKUP($B83,[1]ბიუჯეტი!$B$59:$K$464,8,FALSE) -> 0 | S83: =I83-R83 -> 0 | T83: =VLOOKUP($B83,[1]ბიუჯეტი!$B$59:$K$464,10,FALSE) -> 0 | U83: =K83-T83 -> 2521.4797
B84: kuTxovanis mowyoba aivanze | C84: გრძ/მ | D84: 36 | E84: =11.5/1.18 -> 9.7457627 | F84: =D84*E84 -> 350.84746 | G84: =180*1.275 -> 229.5 | H84: =D84*G84 -> 8262 | K84: =F84+H84 -> 8612.8475 | L84: =VLOOKUP($B84,[1]ბიუჯეტი!$B$59:$K$464,3,FALSE) -> #N/A | M84: =D84-L84 -> #N/A | N84: =VLOOKUP($B84,[1]ბიუჯეტი!$B$59:$K$464,4,FALSE) -> #N/A | O84: =E84-N84 -> #N/A | P84: =VLOOKUP($B84,[1]ბიუჯეტი!$B$59:$K$464,6,FALSE) -> #N/A | Q84: =G84-P84 -> #N/A | R84: =VLOOKUP($B84,[1]ბიუჯეტი!$B$59:$K$464,8,FALSE) -> #N/A | S84: =I84-R84 -> #N/A | T84: =VLOOKUP($B84,[1]ბიუჯეტი!$B$59:$K$464,10,FALSE) -> #N/A | U84: =K84-T84 -> #N/A
B85: qviSa | C85: m3 | D85: =D78*0.03*1.05 -> 52.495767 | E85: =65/1.18 -> 55.084746 | F85: =D85*E85 -> 2891.716 | H85: =D85*G85 -> 0 | K85: =F85+H85 -> 2891.716 | L85: =VLOOKUP($B85,[1]ბიუჯეტი!$B$59:$K$464,3,FALSE) -> 0 | M85: =D85-L85 -> 52.495767 | N85: =VLOOKUP($B85,[1]ბიუჯეტი!$B$59:$K$464,4,FALSE) -> 55.084746 | O85: =E85-N85 -> 0 | P85: =VLOOKUP($B85,[1]ბიუჯეტი!$B$59:$K$464,6,FALSE) -> 0 | Q85: =G85-P85 -> 0 | R85: =VLOOKUP($B85,[1]ბიუჯეტი!$B$59:$K$464,8,FALSE) -> 0 | S85: =I85-R85 -> 0 | T85: =VLOOKUP($B85,[1]ბიუჯეტი!$B$59:$K$464,10,FALSE) -> 0 | U85: =K85-T85 -> 2891.716
B86: cementi m300 | C86: t | D86: =D85/4*1.05 -> 13.780139 | E86: =281.5/1.18 -> 238.55932 | F86: =D86*E86 -> 3287.3806 | H86: =D86*G86 -> 0 | K86: =F86+H86 -> 3287.3806 | L86: =VLOOKUP($B86,[1]ბიუჯეტი!$B$59:$K$464,3,FALSE) -> 0 | M86: =D86-L86 -> 13.780139 | N86: =VLOOKUP($B86,[1]ბიუჯეტი!$B$59:$K$464,4,FALSE) -> 238.55932 | O86: =E86-N86 -> 0 | P86: =VLOOKUP($B86,[1]ბიუჯეტი!$B$59:$K$464,6,FALSE) -> 0 | Q86: =G86-P86 -> 0 | R86: =VLOOKUP($B86,[1]ბიუჯეტი!$B$59:$K$464,8,FALSE) -> 0 | S86: =I86-R86 -> 0 | T86: =VLOOKUP($B86,[1]ბიუჯეტი!$B$59:$K$464,10,FALSE) -> 0 | U86: =K86-T86 -> 3287.3806
B87: damxmare masala | C87: m2 | D87: =D78 -> 1666.5323 | E87: =1/1.18 -> 0.84745763 | F87: =D87*E87 -> 1412.3155 | H87: =D87*G87 -> 0 | K87: =F87+H87 -> 1412.3155 | L87: =VLOOKUP($B87,[1]ბიუჯეტი!$B$59:$K$464,3,FALSE) -> 0 | M87: =D87-L87 -> 1666.5323 | N87: =VLOOKUP($B87,[1]ბიუჯეტი!$B$59:$K$464,4,FALSE) -> 0.84745763 | O87: =E87-N87 -> 0 | P87: =VLOOKUP($B87,[1]ბიუჯეტი!$B$59:$K$464,6,FALSE) -> 0 | Q87: =G87-P87 -> 0 | R87: =VLOOKUP($B87,[1]ბიუჯეტი!$B$59:$K$464,8,FALSE) -> 0 | S87: =I87-R87 -> 0 | T87: =VLOOKUP($B87,[1]ბიუჯეტი!$B$59:$K$464,10,FALSE) -> 0 | U87: =K87-T87 -> 1412.3155
A88: 2 | B88: vitraJi | C88: m2 | D88: =SUM(D89,D90,D91) -> 424.1 | E88: =SUM(F89:F91)/D88 -> 0 | F88: =D88*E88 -> 0 | G88: =SUM(H89:H91)/D88 -> 0 | H88: =G88*D88 -> 0 | I88: =SUM(J89:J91)/D88 -> 382.15576 | J88: =I88*D88 -> 162072.26 | K88: =F88+H88+J88 -> 162072.26 | L88: 407.82 | M88: =D88-L88 -> 16.28 | N88: 0 | O88: =E88-N88 -> 0 | P88: =VLOOKUP($B88,[1]ბიუჯეტი!$B$59:$K$464,6,FALSE) -> #N/A | Q88: =G88-P88 -> #N/A | R88: 382.16 | S88: =R88-295.32 -> 86.84 | T88: 162072.26 | U88: =T88-120438.72 -> 41633.54
A89: 1 | B89: vitraJi niS. -2.55 | C89: m2 | D89: 0 | F89: =D89*E89 -> 0 | H89: =D89*G89 -> 0 | I89: =130*ფართები!$E$3/1.18 -> 295.32034 | J89: =I89*D89 -> 0 | K89: =F89+H89+J89 -> 0 | L89: =VLOOKUP($B89,[1]ბიუჯეტი!$B$59:$K$464,3,FALSE) -> 0 | M89: =D89-L89 -> 0 | N89: =VLOOKUP($B89,[1]ბიუჯეტი!$B$59:$K$464,4,FALSE) -> 0 | O89: =E89-N89 -> 0 | P89: =VLOOKUP($B89,[1]ბიუჯეტი!$B$59:$K$464,6,FALSE) -> 0 | Q89: =G89-P89 -> 0 | R89: =VLOOKUP($B89,[1]ბიუჯეტი!$B$59:$K$464,8,FALSE) -> 295.32034 | S89: =I89-R89 -> 0 | T89: =VLOOKUP($B89,[1]ბიუჯეტი!$B$59:$K$464,10,FALSE) -> 0 | U89: =K89-T89 -> 0
A90: 2 | B90: vitraJi alumini niS. 0.00 | C90: m2 | D90: =(2+4.1+2.8+2.8+3.2+3.2+2.8+2.8+6.1)*3.4 -> 101.32 | F90: =D90*E90 -> 0 | H90: =D90*G90 -> 0 | I90: =290*ფართები!$E$3/1.18 -> 658.79153 | J90: =I90*D90 -> 66748.757 | K90: =F90+H90+J90 -> 66748.757 | L90: =VLOOKUP($B90,[1]ბიუჯეტი!$B$59:$K$464,3,FALSE) -> #N/A | M90: =D90-L90 -> #N/A | N90: =VLOOKUP($B90,[1]ბიუჯეტი!$B$59:$K$464,4,FALSE) -> #N/A | O90: =E90-N90 -> #N/A | P90: =VLOOKUP($B90,[1]ბიუჯეტი!$B$59:$K$464,6,FALSE) -> #N/A | Q90: =G90-P90 -> #N/A | R90: =VLOOKUP($B90,[1]ბიუჯეტი!$B$59:$K$464,8,FALSE) -> #N/A | S90: =I90-R90 -> #N/A | T90: =VLOOKUP($B90,[1]ბიუჯეტი!$B$59:$K$464,10,FALSE) -> #N/A | U90: =K90-T90 -> #N/A
A91: 3 | B91: vitraJi niS. 3.20/6.40/9.60 | C91: m2 | D91: =სამუშაო!I14+სამუშაო!I15+სამუშაო!I16 -> 322.78 | F91: =D91*E91 -> 0 | H91: =D91*G91 -> 0 | I91: =130*ფართები!$E$3/1.18 -> 295.32034 | J91: =I91*D91 -> 95323.499 | K91: =F91+H91+J91 -> 95323.499 | L91: =VLOOKUP($B91,[1]ბიუჯეტი!$B$59:$K$464,3,FALSE) -> 300 | M91: =D91-L91 -> 22.78 | N91: =VLOOKUP($B91,[1]ბიუჯეტი!$B$59:$K$464,4,FALSE) -> 0 | O91: =E91-N91 -> 0 | P91: =VLOOKUP($B91,[1]ბიუჯეტი!$B$59:$K$464,6,FALSE) -> 0 | Q91: =G91-P91 -> 0 | R91: =VLOOKUP($B91,[1]ბიუჯეტი!$B$59:$K$464,8,FALSE) -> 295.32034 | S91: =I91-R91 -> 0 | T91: =VLOOKUP($B91,[1]ბიუჯეტი!$B$59:$K$464,10,FALSE) -> 88596.102 | U91: =K91-T91 -> 6727.3973
A92: 3 | B92: fasadis mopirkeTeba aguriT | C92: m2 | D92: =D99+D105+D111+D93 -> 740.725 | E92: =SUM(F93:F115)/D92 -> 49.938276 | F92: =D92*E92 -> 36990.529 | G92: =SUM(H93:H115)/D92 -> 83.922489 | H92: =G92*D92 -> 62163.486 | I92: 0 | J92: 0 | K92: =F92+H92+J92 -> 99154.015 | L92: =VLOOKUP($B92,[1]ბიუჯეტი!$B$59:$K$464,3,FALSE) -> 1290.5162 | M92: =D92-L92 -> -549.7912 | N92: =VLOOKUP($B92,[1]ბიუჯეტი!$B$59:$K$464,4,FALSE) -> 49.815455 | O92: =E92-N92 -> 0.12282121 | P92: =VLOOKUP($B92,[1]ბიუჯეტი!$B$59:$K$464,6,FALSE) -> 84.736316 | Q92: =G92-P92 -> -0.81382724 | R92: =VLOOKUP($B92,[1]ბიუჯეტი!$B$59:$K$464,8,FALSE) -> 0 | S92: =I92-R92 -> 0 | T92: =VLOOKUP($B92,[1]ბიუჯეტი!$B$59:$K$464,10,FALSE) -> 173641.24 | U92: =K92-T92 -> -74487.225
A93: 1 | B93: fasadis mopirkeTeba aguriT niS -2.30 | C93: m2 | D93: =სამუშაო!I22 -> 0 | F93: =D93*E93 -> 0 | G93: =63*1.275 -> 80.325 | H93: =D93*G93 -> 0 | K93: =F93+H93 -> 0 | L93: =VLOOKUP($B93,[1]ბიუჯეტი!$B$59:$K$464,3,FALSE) -> 24.84 | M93: =D93-L93 -> -24.84 | N93: =VLOOKUP($B93,[1]ბიუჯეტი!$B$59:$K$464,4,FALSE) -> 0 | O93: =E93-N93 -> 0 | P93: =VLOOKUP($B93,[1]ბიუჯეტი!$B$59:$K$464,6,FALSE) -> 80.325 | Q93: =G93-P93 -> 0 | R93: =VLOOKUP($B93,[1]ბიუჯეტი!$B$59:$K$464,8,FALSE) -> 0 | S93: =I93-R93 -> 0 | T93: =VLOOKUP($B93,[1]ბიუჯეტი!$B$59:$K$464,10,FALSE) -> 1995.273 | U93: =K93-T93 -> -1995.273
B94: aguri dekoratiuli | C94: cali | D94: =D93*35*1.05 -> 0 | E94: =1/1.18 -> 0.84745763 | F94: =D94*E94 -> 0 | H94: =D94*G94 -> 0 | K94: =F94+H94 -> 0 | L94: =VLOOKUP($B94,[1]ბიუჯეტი!$B$59:$K$464,3,FALSE) -> 912.87 | M94: =D94-L94 -> -912.87 | N94: =VLOOKUP($B94,[1]ბიუჯეტი!$B$59:$K$464,4,FALSE) -> 0.84745763 | O94: =E94-N94 -> 0 | P94: =VLOOKUP($B94,[1]ბიუჯეტი!$B$59:$K$464,6,FALSE) -> 0 | Q94: =G94-P94 -> 0 | R94: =VLOOKUP($B94,[1]ბიუჯეტი!$B$59:$K$464,8,FALSE) -> 0 | S94: =I94-R94 -> 0 | T94: =VLOOKUP($B94,[1]ბიუჯეტი!$B$59:$K$464,10,FALSE) -> 773.61864 | U94: =K94-T94 -> -773.61864
B95: qviSa | C95: m3 | D95: =D93*0.03*1.05 -> 0 | E95: =65/1.18 -> 55.084746 | F95: =D95*E95 -> 0 | H95: =D95*G95 -> 0 | K95: =F95+H95 -> 0 | L95: =VLOOKUP($B95,[1]ბიუჯეტი!$B$59:$K$464,3,FALSE) -> 0 | M95: =D95-L95 -> 0 | N95: =VLOOKUP($B95,[1]ბიუჯეტი!$B$59:$K$464,4,FALSE) -> 55.084746 | O95: =E95-N95 -> 0 | P95: =VLOOKUP($B95,[1]ბიუჯეტი!$B$59:$K$464,6,FALSE) -> 0 | Q95: =G95-P95 -> 0 | R95: =VLOOKUP($B95,[1]ბიუჯეტი!$B$59:$K$464,8,FALSE) -> 0 | S95: =I95-R95 -> 0 | T95: =VLOOKUP($B95,[1]ბიუჯეტი!$B$59:$K$464,10,FALSE) -> 0 | U95: =K95-T95 -> 0
B96: kuTxovanis mowyoba | C96: grZ.m | D96: 0 | E96: =14.25/1.18 -> 12.076271 | F96: =D96*E96 -> 0 | G96: =10*1.275 -> 12.75 | H96: =D96*G96 -> 0 | K96: =F96+H96 -> 0 | L96: =VLOOKUP($B96,[1]ბიუჯეტი!$B$59:$K$464,3,FALSE) -> 0 | M96: =D96-L96 -> 0 | N96: =VLOOKUP($B96,[1]ბიუჯეტი!$B$59:$K$464,4,FALSE) -> 12.076271 | O96: =E96-N96 -> 0 | P96: =VLOOKUP($B96,[1]ბიუჯეტი!$B$59:$K$464,6,FALSE) -> 12.75 | Q96: =G96-P96 -> 0 | R96: =VLOOKUP($B96,[1]ბიუჯეტი!$B$59:$K$464,8,FALSE) -> 0 | S96: =I96-R96 -> 0 | T96: =VLOOKUP($B96,[1]ბიუჯეტი!$B$59:$K$464,10,FALSE) -> 0 | U96: =K96-T96 -> 0
B97: cementi m300 | C97: t | D97: =D95/4*1.05 -> 0 | E97: =281.5/1.18 -> 238.55932 | F97: =D97*E97 -> 0 | H97: =D97*G97 -> 0 | K97: =F97+H97 -> 0 | L97: =VLOOKUP($B97,[1]ბიუჯეტი!$B$59:$K$464,3,FALSE) -> 0 | M97: =D97-L97 -> 0 | N97: =VLOOKUP($B97,[1]ბიუჯეტი!$B$59:$K$464,4,FALSE) -> 238.55932 | O97: =E97-N97 -> 0 | P97: =VLOOKUP($B97,[1]ბიუჯეტი!$B$59:$K$464,6,FALSE) -> 0 | Q97: =G97-P97 -> 0 | R97: =VLOOKUP($B97,[1]ბიუჯეტი!$B$59:$K$464,8,FALSE) -> 0 | S97: =I97-R97 -> 0 | T97: =VLOOKUP($B97,[1]ბიუჯეტი!$B$59:$K$464,10,FALSE) -> 0 | U97: =K97-T97 -> 0
B98: damxmare masala | C98: m2 | D98: =D93 -> 0 | E98: =1.2/1.18 -> 1.0169492 | F98: =D98*E98 -> 0 | H98: =D98*G98 -> 0 | K98: =F98+H98 -> 0 | L98: =VLOOKUP($B98,[1]ბიუჯეტი!$B$59:$K$464,3,FALSE) -> 0 | M98: =D98-L98 -> 0 | N98: =VLOOKUP($B98,[1]ბიუჯეტი!$B$59:$K$464,4,FALSE) -> 0.84745763 | O98: =E98-N98 -> 0.16949153 | P98: =VLOOKUP($B98,[1]ბიუჯეტი!$B$59:$K$464,6,FALSE) -> 0 | Q98: =G98-P98 -> 0 | R98: =VLOOKUP($B98,[1]ბიუჯეტი!$B$59:$K$464,8,FALSE) -> 0 | S98: =I98-R98 -> 0 | T98: =VLOOKUP($B98,[1]ბიუჯეტი!$B$59:$K$464,10,FALSE) -> 0 | U98: =K98-T98 -> 0
A99: 1 | B99: fasadis mopirkeTeba aguriT niS 0.00 | C99: m2 | D99: =სამუშაო!D23 -> 28.48 | F99: =D99*E99 -> 0 | G99: =63*1.275 -> 80.325 | H99: =D99*G99 -> 2287.656 | K99: =F99+H99 -> 2287.656 | L99: =VLOOKUP($B99,[1]ბიუჯეტი!$B$59:$K$464,3,FALSE) -> 225.7274 | M99: =D99-L99 -> -197.2474 | N99: =VLOOKUP($B99,[1]ბიუჯეტი!$B$59:$K$464,4,FALSE) -> 0 | O99: =E99-N99 -> 0 | P99: =VLOOKUP($B99,[1]ბიუჯეტი!$B$59:$K$464,6,FALSE) -> 80.325 | Q99: =G99-P99 -> 0 | R99: =VLOOKUP($B99,[1]ბიუჯეტი!$B$59:$K$464,8,FALSE) -> 0 | S99: =I99-R99 -> 0 | T99: =VLOOKUP($B99,[1]ბიუჯეტი!$B$59:$K$464,10,FALSE) -> 18131.553 | U99: =K99-T99 -> -15843.897
B100: aguri dekoratiuli | C100: cali | D100: =D99*35*1.05 -> 1046.64 | E100: =1/1.18 -> 0.84745763 | F100: =D100*E100 -> 886.98305 | H100: =D100*G100 -> 0 | K100: =F100+H100 -> 886.98305 | L100: =VLOOKUP($B100,[1]ბიუჯეტი!$B$59:$K$464,3,FALSE) -> 912.87 | M100: =D100-L100 -> 133.77 | N100: =VLOOKUP($B100,[1]ბიუჯეტი!$B$59:$K$464,4,FALSE) -> 0.84745763 | O100: =E100-N100 -> 0 | P100: =VLOOKUP($B100,[1]ბიუჯეტი!$B$59:$K$464,6,FALSE) -> 0 | Q100: =G100-P100 -> 0 | R100: =VLOOKUP($B100,[1]ბიუჯეტი!$B$59:$K$464,8,FALSE) -> 0 | S100: =I100-R100 -> 0 | T100: =VLOOKUP($B100,[1]ბიუჯეტი!$B$59:$K$464,10,FALSE) -> 773.61864 | U100: =K100-T100 -> 113.36441
B101: qviSa | C101: m3 | D101: =D99*0.05*1.05 -> 1.4952 | E101: =65/1.18 -> 55.084746 | F101: =D101*E101 -> 82.362712 | H101: =D101*G101 -> 0 | K101: =F101+H101 -> 82.362712 | L101: =VLOOKUP($B101,[1]ბიუჯეტი!$B$59:$K$464,3,FALSE) -> 0 | M101: =D101-L101 -> 1.4952 | N101: =VLOOKUP($B101,[1]ბიუჯეტი!$B$59:$K$464,4,FALSE) -> 55.084746 | O101: =E101-N101 -> 0 | P101: =VLOOKUP($B101,[1]ბიუჯეტი!$B$59:$K$464,6,FALSE) -> 0 | Q101: =G101-P101 -> 0 | R101: =VLOOKUP($B101,[1]ბიუჯეტი!$B$59:$K$464,8,FALSE) -> 0 | S101: =I101-R101 -> 0 | T101: =VLOOKUP($B101,[1]ბიუჯეტი!$B$59:$K$464,10,FALSE) -> 0 | U101: =K101-T101 -> 82.362712
...

Sheet სამუშაო
A1: 20 iani bloki
A2: # | B2: niS.\ | C2: sarTuli | D2: fasadi | E2: sadarbazo | F2: binebis gamyofi | I2: jami | J2: vada
A3: 1 | B3: 2 | C3: 3 | D3: 4 | E3: 5 | F3: 6 | G3: 7 | H3: 8 | I3: 9 | J3: 10
A4: 1 | B4: 0 | C4: 1 | D4: 0 | E4: 0 | F4: =(6.5+6.5+3.1+1+6.65+6.65+1+5.9+1.2+2.85+5.9+1.2+2.85)*4.3 -> 220.59 | I4: =SUM(D4:H4) -> 220.59
A5: 2 | B5: 4.5 | C5: 2 | D5: =(6.5+6.5+3.1+6.5+6.5+3.2+1.8+3.4+3.2+1.8+3.4+6.5+6.5+6.5+3.1+6.5+6.5+6.5+6.5+6.5+6.5)*2.6 -> 279.5 | E5: =(7.25+7.25+6.5+3.1+2.9+2+3.8+1.65+5.9+3+1.55)*2.97*2 -> 266.706 | F5: =(5.14+1.45+6.5+6.25+5.05+6.5+3.1+6.5+5.05+6.25+1.45+6.5+5.05)*2.97 -> 192.4263 | I5: =SUM(D5:H5)-I14-I52*2.2 -> 583.8123
A6: 3 | B6: 7.7 | C6: 3 | D6: =((6.5*13)+6.2+3.2+1.8+3.4+3.2+1.8+3.4)*2.6 -> 279.5 | E6: =(6.5+7.05+2.9+3.8+1.35+1.5+5.9+3+1.35)*2.97*2 -> 198.099 | F6: =6.5*2.97*6+5*2.97*2+10.3*2.97+1.45*2.97*2+3.1*2.97 -> 193.941 | I6: =SUM(D6:H6)-I15-I53*2.2 -> 541.36
A7: 4 | B7: 10.9 | C7: 4 | D7: =((6.5*13)+6.2+3.2+1.8+3.4+3.2+1.8+3.4)*2.6 -> 279.5 | E7: =(6.5+7.05+2.9+3.8+1.35+1.5+5.9+3+1.35)*2.97*2 -> 198.099 | F7: =6.5*2.97*6+5*2.97*2+10.3*2.97+1.45*2.97*2+3.1*2.97 -> 193.941 | I7: =SUM(D7:H7)-I16-I54*2.2 -> 541.36
I8: =SUM(I4:I7) -> 1887.1223 | J8: =SUM(J4:J7) -> 0
A10: m/plastmasi
A11: # | B11: niS.\ | C11: sarTuli | I11: jami | J11: vada
A12: 1 | B12: 2 | C12: 3 | D12: 4 | E12: 5 | F12: 6 | G12: 7 | H12: 8 | I12: 9 | J12: 10
A13: 1 | B13: 0 | C13: 1 | D13: 0 | I13: =SUM(D13:H13) -> 0
A14: 2 | B14: 4.5 | C14: 2 | D14: =(1*2.6)*8+(1.6*2.6)*16+(1.6*1.6)*6+(2.5*2.5)*2 -> 115.22 | I14: =SUM(D14:H14) -> 115.22
A15: 3 | B15: 7.7 | C15: 3 | D15: =(1*2.6)*10+(1.6*2.6)*12+(1.6*1.6)*6+(2.5*2.5)*2 -> 103.78 | I15: =SUM(D15:H15) -> 103.78
A16: 4 | B16: 10.9 | C16: 4 | D16: =(1*2.6)*10+(1.6*2.6)*12+(1.6*1.6)*6+(2.5*2.5)*2 -> 103.78 | I16: =SUM(D16:H16) -> 103.78
I17: =SUM(I13:I16) -> 322.78 | J17: =SUM(J13:J16) -> 0
A19: fasadi
A20: # | B20: niS.\ | C20: sarTuli | D20: aguri | E20: daTbuneba/Rebva | F20: ferdili | G20: betonis faqtura | H20: bazalti | I20: jami | J20: vada
A21: 1 | B21: 2 | C21: 3 | D21: 4 | E21: 5 | F21: 6 | G21: 7 | H21: 8 | I21: 9 | J21: 10
A22: 1 | B22: -2.3 | C22: 1 | D22: 0 | I22: =SUM(D22:H22) -> 0
A23: 1 | B23: 0 | C23: 1 | D23: =(3.2*4.45)*2 -> 28.48 | E23: 0 | F23: 0 | G23: 0 | H23: =3.5*4+1.6*7 -> 25.2 | I23: =SUM(D23:H23) -> 53.68
A24: 2 | B24: 4.5 | C24: 2 | D24: =(17.8+17.8+1.7+0.7+1.4+3.2+3.2+3.2+1.4+0.7+1.7)*9.55+(11.35+11.35+14.4)*7.05+((1.6+0.9+0.2)*3)*6-156 -> 658.395 | E24: =42*2.6+(6.5+6.5+1.6+3.4+1.6+3.4)*2.98 -> 177.74 | F24: =(3.2*4)+(3*8)+(17.8+17.8+2.25+2+1.7) -> 78.35 | H24: =1.6*12+1*4 -> 23.2 | I24: =SUM(D24:H24) -> 937.685
A25: 3 | B25: 7.7 | C25: 3 | E25: =(6.5+6.5+1.6+3.4+1.6+3.4)*2.98 -> 68.54 | F25: =(1.6*26+1*6+2.6*32+3.2*4+3*8) -> 167.6 | H25: =1.6*12+1*4 -> 23.2 | I25: =SUM(D25:H25) -> 259.34
A26: 4 | B26: 10.9 | C26: 4 | E26: =(6.5+6.5+1.6+3.4+1.6+3.4)*2.98 -> 68.54 | F26: =(1.6*26+1*6+2.6*32+3.2*4+3*8) -> 167.6 | H26: =1.6*12+1*4 -> 23.2 | I26: =SUM(D26:H26) -> 259.34
C27: 5 | D27: =(17.85+17.85+17.5+17.5+11.3+11.3+14.4)*0.5 -> 53.85 | F27: =0.5*10 -> 5 | I27: =SUM(D27:H27) -> 58.85
I28: =SUM(I22:I27) -> 1568.895 | J28: =SUM(J23:J26) -> 0
A30: 10 iani bloki
A31: # | B31: niS.\ | C31: sarTuli | D31: sadabazo | E31: aivani | F31: sak.Saxta binebi | G31: sak.Saxta sadarbazo | H31: tualeti | I31: jami | J31: vada
A32: 1 | B32: 2 | C32: 3 | D32: 4 | E32: 5 | F32: 6 | G32: 7 | H32: 8 | I32: 9 | J32: 10
A33: 1 | B33: 0 | C33: 1 | F33: =21.6*4.3 -> 92.88 | G33: 0 | H33: =((2.8+1.4+2.85+3.2+1.16)*4.3)*2 -> 98.126 | I33: =SUM(D33:H33) -> 191.006
A34: 2 | B34: 4.5 | C34: 2 | D34: 0 | E34: =2.6*3.02*2 -> 15.704 | F34: =16.6*2.98 -> 49.468 | G34: =1.85*2*2.98 -> 11.026 | H34: =62.3*2.93-0.8*2.3*10 -> 164.139 | I34: =SUM(D34:H34) -> 240.337
A35: 3 | B35: 7.7 | C35: 3 | D35: =(2.9*2.98)*2 -> 17.284 | E35: =2.6*3.02*2 -> 15.704 | F35: =20.9*2.98 -> 62.282 | G35: =7.25*2.98 -> 21.605 | H35: =62.3*2.93-0.8*2.3*10 -> 164.139 | I35: =SUM(D35:H35) -> 281.014
A36: 4 | B36: 10.9 | C36: 4 | D36: =(2.9*2.98)*2 -> 17.284 | E36: =2.6*3.02*2 -> 15.704 | F36: =23.82*2.98 -> 70.9836 | G36: =9.75*2.98 -> 29.055 | H36: =62.3*2.93-0.8*2.3*10 -> 164.139 | I36: =SUM(D36:H36) -> 297.1656
I37: =SUM(I33:I36) -> 1009.5226 | J37: =SUM(J33:J36) -> 0
A39: sadarbazo
A40: # | B40: niS.\ | C40: sarTuli | D40: lesva | E40: SefiTvna | F40: Rebva | G40: liftis aguri | H40: mdf | I40: jami | J40: vada
A41: 1 | B41: 2 | C41: 3 | D41: 4 | E41: 5 | F41: 6 | G41: 7 | H41: 8 | I41: 9 | J41: 10
A42: 1 | B42: 0 | C42: 1 | D42: 0 | E42: 0 | F42: 0 | G42: 0 | H42: 0 | I42: =SUM(D42:H42) -> 0
A43: 2 | B43: 4.5 | C43: 2 | D43: =(57.9*2.98)*2-32.2 -> 312.884 | E43: =(57.9*2.98)*2 -> 345.084 | F43: =E43 -> 345.084 | G43: =0.75*2.97*4 -> 8.91 | H43: 19 | I43: =SUM(D43:H43) -> 1030.962
A44: 3 | B44: 7.7 | C44: 3 | D44: =(37.8*2.98)*2-2.3*12 -> 197.688 | E44: =(37.8*2.98)*2 -> 225.288 | F44: =E44 -> 225.288 | G44: =0.75*2.97*4 -> 8.91 | H44: 19 | I44: =SUM(D44:H44) -> 676.174
A45: 4 | B45: 10.9 | C45: 4 | D45: =(37.8*2.98)*2-2.3*12 -> 197.688 | E45: =(37.8*2.98)*2 -> 225.288 | F45: =E45 -> 225.288 | G45: =0.75*2.97*4 -> 8.91 | H45: 19 | I45: =SUM(D45:H45) -> 676.174
I46: =SUM(I42:I45) -> 2383.31 | J46: =SUM(J42:J45) -> 0
A48: kari
A49: # | B49: niS.\ | C49: sarTuli | D49: binis kari | E49: kibis ujredis kari | F49: sadarbazos kari | G49: sakm.kari | I49: jami | J49: vada
A50: 1 | B50: 2 | C50: 3 | D50: 4 | E50: 5 | F50: 6 | G50: 7 | H50: 8 | I50: 9 | J50: 10
A51: 1 | B51: 0 | C51: 1 | D51: 0 | E51: 0 | F51: 0 | G51: 0 | I51: =SUM(D51:H51) -> 0
A52: 2 | B52: 4.5 | C52: 2 | D52: 10 | E52: 2 | F52: 2 | G52: 4 | I52: =SUM(D52:H52) -> 18
A53: 3 | B53: 7.7 | C53: 3 | D53: 10 | E53: 2 | I53: =SUM(D53:H53) -> 12
A54: 4 | B54: 10.9 | C54: 4 | D54: 10 | E54: 2 | I54: =SUM(D54:H54) -> 12
I55: =SUM(I51:I54) -> 42 | J55: =SUM(J51:J54) -> 0
A57: მოაჯირი
A58: # | B58: niS.\ | C58: sarTuli | D58: აივანი | E58: ცხაური | I58: jami | J58: vada
A59: 1 | B59: 2 | C59: 3 | D59: 4 | E59: 5 | F59: 6 | G59: 7 | H59: 8 | I59: 9 | J59: 10
A60: 1 | B60: 0 | C60: 1 | D60: 0 | E60: 0 | I60: =SUM(D60:H60) -> 0
A61: 2 | B61: 4.5 | C61: 2 | D61: =5.1+3.55+1.6+1.6+3.55+5.1+2.7+2.7 -> 25.9 | E61: =(0.7+1.6+0.7+1.6+0.6+0.6+0.7+0.7+1.6+1.6)*3.04 -> 31.616 | I61: =SUM(D61:H61) -> 57.516
A62: 3 | B62: 7.7 | C62: 3 | D62: =5.1+3.55+1.6+1.6+3.55+5.1+2.7+2.7+25.7 -> 51.6 | E62: =(0.7+1.6+0.7+1.6+0.6+0.6+0.7+0.7+1.6+1.6+9.6)*3.04 -> 60.8 | I62: =SUM(D62:H62) -> 112.4
A63: 4 | B63: 10.9 | C63: 4 | D63: =5.1+3.55+1.6+1.6+3.55+5.1+2.7+2.7+25.7 -> 51.6 | E63: =(0.7+1.6+0.7+1.6+0.6+0.6+0.7+0.7+1.6+1.6+9.6)*3.04 -> 60.8 | I63: =SUM(D63:H63) -> 112.4
I64: =SUM(I60:I63) -> 282.316 | J64: =SUM(J60:J63) -> 0
A66: k/graniti
A67: # | B67: niS.\ | C67: sarTuli | D67: sadarbazo | E67: aivani | F67: plintusi | I67: jami | J67: vada
A68: 1 | B68: 2 | C68: 3 | D68: 4 | E68: 5 | F68: 6 | G68: 7 | H68: 8 | I68: 9 | J68: 10
A69: 1 | B69: 0 | C69: 1 | D69: 0 | E69: 0 | F69: 0 | I69: =SUM(D69:H69) -> 0
A70: 2 | B70: 4.5 | C70: 2 | D70: =41.82*2 -> 83.64 | E70: =6.7+6.7+7.98+7.8+5.4+5.4 -> 39.98 | F70: 74.8 | I70: =SUM(D70:H70) -> 198.42
A71: 3 | B71: 7.7 | C71: 3 | D71: =30.7*2 -> 61.4 | E71: =(6.7*6)+(7.8*2)+(5.4*2)+(0.5*2) -> 67.6 | F71: =37.8*2 -> 75.6 | I71: =SUM(D71:H71) -> 204.6
A72: 4 | B72: 10.9 | C72: 4 | D72: =30.7*2 -> 61.4 | E72: =(6.7*6)+(7.8*2)+(5.4*2)+(0.5*2) -> 67.6 | F72: =37.8*2 -> 75.6 | I72: =SUM(D72:H72) -> 204.6
I73: =SUM(I69:I72) -> 607.62 | J73: =SUM(J69:J72) -> 0
A75: მოჭიმვა
A76: # | B76: niS.\ | C76: sarTuli | D76: ბინები | E76: aivani | F76: სადარბაზო | I76: jami | J76: vada
A77: 1 | B77: 2 | C77: 3 | D77: 4 | E77: 5 | F77: 6 | G77: 7 | H77: 8 | I77: 9 | J77: 10
A78: 1 | B78: 0 | C78: 1 | D78: 0 | E78: =E69 -> 0 | I78: =SUM(D78:H78) -> 0
A79: 2 | B79: 4.5 | C79: 2 | D79: 543.8 | E79: =E70 -> 39.98 | F79: 86.7 | I79: =SUM(D79:H79) -> 670.48
A80: 3 | B80: 7.7 | C80: 3 | D80: 572 | E80: =E71 -> 67.6 | F80: 61.2 | I80: =SUM(D80:H80) -> 700.8
A81: 4 | B81: 10.9 | C81: 4 | D81: 572 | E81: =E72 -> 67.6 | F81: 61.2 | I81: =SUM(D81:H81) -> 700.8
E82: =E73 -> 0 | I82: =SUM(I78:I81) -> 2072.08 | J82: =SUM(J78:J81) -> 0
A84: T/muyao
A85: # | B85: niS.\ | C85: sarTuli | D85: kedeli | E85: tixari | F85: Weri | I85: jami | J85: vada
A86: 1 | B86: 2 | C86: 3 | D86: 4 | E86: 5 | F86: 6 | G86: 7 | H86: 8 | I86: 9 | J86: 10
A87: 1 | B87: 0 | C87: 1 | D87: 0 | E87: 0 | I87: =SUM(D87:H87) -> 0
A88: 2 | B88: 4.5 | C88: 2 | D88: =324.8*2.97 -> 964.656 | E88: =112.5*2.97 -> 334.125 | I88: =SUM(D88:H88) -> 1298.781
A89: 3 | B89: 7.7 | C89: 3 | D89: =324.8*2.97 -> 964.656 | E89: =112.5*2.97 -> 334.125 | I89: =SUM(D89:H89) -> 1298.781
A90: 4 | B90: 10.9 | C90: 4 | D90: =324.8*2.97 -> 964.656 | E90: =112.5*2.97 -> 334.125 | I90: =SUM(D90:H90) -> 1298.781
I91: =SUM(I87:I90) -> 3896.343 | J91: =SUM(J87:J90) -> 0
