Workbook

Sheet ფართები
A1: lisi saxli - 9/10
B3: TariRi | C3: 45590 | D3: $ | E3: 2.7456
A5: # | B5: sarTuli | C5: samS. farTi | D5: sasarg. farTi | E5: %
A6: 1 | B6: 2 | C6: 3 | D6: 4 | E6: 5
A7: 1 | B7: saZirkveli | C7: =(20.7*15.2)*3 -> 943.92 | D7: 633.7 | E7: =D7/C7 -> 0.67134927
A8: 2 | B8: 1 | C8: =(20.7*15.2)*3+8.28+8.28+0.63+0.63+0.63+0.63+16.02+16.02+4.14+8.28 -> 1007.46 | D8: 626.81 | E8: =D8/C8 -> 0.62216862
A9: 3 | B9: 2 | C9: =(20.7*15.2)*3+8.28+8.28+0.63+0.63+0.63+0.63+16.02+16.02+4.14+8.28 -> 1007.46 | D9: 753.8 | E9: =D9/C9 -> 0.74821829
A10: 4 | B10: 3 | C10: =(20.7*15.2)*3+8.28+8.28+0.63+0.63+0.63+0.63+16.02+16.02+4.14+8.28 -> 1007.46 | D10: 753.8 | E10: =D10/C10 -> 0.74821829
A11: 5 | B11: 4 | C11: =(20.7*15.2)*3+8.28+8.28+0.63+0.63+0.63+0.63+16.02+16.02+4.14+8.28 -> 1007.46 | D11: 753.8 | E11: =D11/C11 -> 0.74821829
A12: 6 | B12: saxuravi | C12: =(20.7*15.2)*3+8.28+8.28+16.02+16.02+4.14+8.28 -> 1004.94
B13: jami | C13: =SUM(C7:C12) -> 5978.7 | D13: =SUM(D7:D12) -> 3521.91 | E13: =D13/C13 -> 0.58907622
D17: 1ლ/m2 | E17: 1$/m2
A18: qvabuli | B18: =ბიუჯეტი!K25 -> 212951.22 | D18: =B18/C13 -> 35.618315 | E18: =D18/E3 -> 12.972871
A19: Savi karkasi | B19: =ბიუჯეტი!K59 -> 2646955 | D19: =B19/C13 -> 442.73086 | E19: =D19/E3 -> 161.25104
A20: TeTri karkasi | B20: =ბიუჯეტი!K501 -> 3891303.9 | D20: =B20/C13 -> 650.86121 | E20: =D20/E3 -> 237.05609
D21: =SUM(D18:D20) -> 1129.2104 | E21: =SUM(E18:E20) -> 411.28001
A25: lisi 8 | D25: 1ლ/m2 | E25: 1$/m2
A26: qvabuli | B26: 170960.66 | D26: 37.68675 | E26: 13.80467
A27: Savi karkasi | B27: 1847670.4 | D27: 407.30241 | E27: 149.19502
A28: TeTri karkasi | B28: 2850672 | D28: 628.40515 | E28: 230.18504
D29: 1073.3943 | E29: 393.18473

Sheet ბიუჯეტი
A1: q. TbilisSi, lisi
A2: sacxovrebeli saxlis winaswari xarjTaRricxva
A3: saxli #10
A4: xarjTaRricxva
I5: 45969
A6: # | B6: samuSaos dasaxeleba | C6: gan/ba | D6: raod. | E6: masala, erT | F6: masala, sul | G6: xelf, erT | H6: xelf, sul | I6: moms. erT | J6: moms, sul | K6: jami
A7: 1 | B7: 2 | C7: 3 | D7: 4 | E7: 5 | F7: 6 | G7: 7 | H7: 8 | I7: 9 | J7: 10 | K7: 11
B8: qvabulis samuSao
A9: 1 | B9: qvabulis mowyoba | C9: m2 | D9: =SUM(D10:D13) -> 6124.9155 | E9: =SUM(F10:F13)/D9 -> 0 | F9: =D9*E9 -> 0 | G9: 0 | H9: =D9*G9 -> 0 | I9: 18.7 | J9: =I9*D9 -> 114535.92 | K9: =F9+H9+J9 -> 114535.92
B10: qvabulis amoReba | C10: m3 | D10: =20*68.5*2.3*1.3 -> 4096.3 | E10: 0 | F10: 0 | G10: 0 | H10: =D10*G10 -> 0 | I10: 0 | J10: =I10*D10 -> 0 | K10: =F10+H10+J10 -> 0
B11: kranis da armaturis adgilis amoReba | C11: m3 | D11: =70*15*1.5 -> 1575 | E11: 0 | F11: 0 | G11: 0 | H11: =D11*G11 -> 0 | I11: 0 | J11: =I11*D11 -> 0 | K11: =F11+H11+J11 -> 0
B12: liftis Saxtis ormos amoReba | C12: m3 | D12: =(4.7*4.5*1.5*1.3)*3 -> 123.7275 | E12: 0 | F12: =D12*E12 -> 0 | G12: 0 | H12: =D12*G12 -> 0 | I12: 0 | J12: =I12*D12 -> 0 | K12: =F12+H12+J12 -> 0
B13: svetis ormos amoReba | C13: m3 | D13: =((2.6*2*1.9*2)+(2.6*2*2.7*2)+(2.6*2*3.8*2)+(2*2*8*0.9)+(2*2*8*1.7)+(2*2*8*2.6))*1.3 -> 329.888 | E13: 0 | F13: =D13*E13 -> 0 | G13: 0 | H13: =D13*G13 -> 0 | I13: 0 | J13: =I13*D13 -> 0 | K13: =F13+H13+J13 -> 0
A14: 2 | B14: kodaliT muSaoba | C14: dRe | D14: 20 | E14: 0 | F14: =D14*E14 -> 0 | H14: =D14*G14 -> 0 | I14: =1400/1.18 -> 1186.4407 | J14: =I14*D14 -> 23728.814 | K14: =F14+H14+J14 -> 23728.814
B15: jami | F15: =F14+F9 -> 0 | H15: =H14+H9 -> 0 | J15: =J14+J9 -> 138264.73 | K15: =K14+K9 -> 138264.73
B16: zednadebi xarji | C16: 0.074 | K16: =K15*C16 -> 10231.59
B17: jami | K17: =SUM(K15:K16) -> 148496.32
B18: yalibi | C18: 0.03 | K18: =K17*C18 -> 4454.8897
B19: jami | K19: =SUM(K17:K18) -> 152951.21
B20: teqnika | C20: 0.035 | K20: =K19*C20 -> 5353.2925
B21: jami | K21: =SUM(K19:K20) -> 158304.51
B22: mogeba | C22: 0.14 | K22: =K21*C22 -> 22162.631
B23: jami | K23: =SUM(K21:K22) -> 180467.14
B24: dRg | C24: 0.18 | K24: =K23*C24 -> 32484.085
B25: mTliani | K25: =SUM(K23:K24) -> 212951.22
A27: # | B27: samuSaos dasaxeleba | C27: gan/ba | D27: raod. | E27: masala, erT | F27: masala, sul | G27: xelf, erT | H27: xelf, sul | I27: moms. erT | J27: moms, sul | K27: jami
A28: 1 | B28: 2 | C28: 3 | D28: 4 | E28: 5 | F28: 6 | G28: 7 | H28: 8 | I28: 9 | J28: 10 | K28: 11
B29: konstruqciuli nawili
A30: 1 | B30: rkinabetonis karkasi | C30: m2 | D30: =D31 -> 7571.647 | E30: =SUM(F31:F42)/D30 -> 136.76513 | F30: =D30*E30 -> 1035537.3 | G30: =SUM(H31:H42)/D30 -> 64.800762 | H30: =D30*G30 -> 490648.5 | I30: =SUM(J31:J42)/D30 -> 7.4784269 | J30: =I30*D30 -> 56624.008 | K30: =F30+H30+J30 -> 1582809.8
B31: karkasis mowyoba | C31: m2 | D31: =სამუშაო!I111 -> 7571.647 | F31: 0 | G31: =ხელფასი!D3 -> 63.75 | H31: =D31*G31 -> 482692.5 | K31: =F31+H31+J31 -> 482692.5
B32: betoni b-7.5 | C32: m3 | D32: =117.5*1.02 -> 119.85 | E32: =მასალა!D5 -> 173.72881 | F32: =D32*E32 -> 20821.398 | H32: =D32*G32 -> 0 | I32: =1000/1.18 -> 847.45763 | J32: =I32*6 -> 5084.7458 | K32: =F32+H32+J32 -> 25906.144
B33: betoni b-25 | C33: m3 | D33: =1814.5*1.02 -> 1850.79 | E33: =მასალა!D6 -> 219.49153 | F33: =D33*E33 -> 406232.72 | H33: =D33*G33 -> 0 | K33: =F33+H33+J33 -> 406232.72
B34: Sveleris mowyoba | C34: grZ.m | D34: 312 | E34: =მასალა!D9 -> 98.305085 | F34: =D34*E34 -> 30671.186 | G34: =ხელფასი!D42 -> 25.5 | H34: =D34*G34 -> 7956 | I34: 8 | J34: =I34*D34 -> 2496 | K34: =F34+H34+J34 -> 41123.186
B35: liTonis furclis mowyoba | C35: grZ.m | D35: =(3.1*16+4.2*8+4*4)*1.1 -> 109.12 | E35: 0 | F35: =D35*E35 -> 0 | G35: 0 | H35: =D35*G35 -> 0 | I35: =მომსახურება!D27 -> 177.9661 | J35: =I35*D35+1500 -> 20919.661 | K35: =F35+H35+J35 -> 20919.661
B36: armatura a240 | C36: t | D36: =18.8*1.05 -> 19.74 | E36: =მასალა!$D$7 -> 1931.2271 | F36: =D36*E36 -> 38122.423 | H36: =D36*G36 -> 0 | K36: =F36+H36+J36 -> 38122.423
B37: armatura a500 | C37: t | D37: =217.275*1.05 -> 228.13875 | E37: =მასალა!$D$7 -> 1931.2271 | F37: =D37*E37 -> 440587.74 | H37: =D37*G37 -> 0 | K37: =F37+H37+J37 -> 440587.74
B38: Savi karkasis damxmare masala | C38: m2 | D38: =$D$31 -> 7571.647 | E38: =SUMIFS(მასალა!D3:D112,მასალა!B3:B112,ბიუჯეტი!B38) -> 10.169492 | F38: =D38*E38 -> 76999.8 | H38: =D38*G38 -> 0 | K38: =F38+H38+J38 -> 76999.8
B39: betonis Semowmeba kubikebiT | C39: cali | D39: =D33*0.15 -> 277.6185 | E39: 0 | F39: =D39*E39 -> 0 | H39: =D39*G39 -> 0 | I39: =მომსახურება!D26 -> 42.372881 | J39: =I39*D39 -> 11763.496 | K39: =F39+H39+J39 -> 11763.496
B40: geodeziuri momsaxureba | C40: cali | D40: 27 | E40: 0 | F40: =D40*E40 -> 0 | H40: =D40*G40 -> 0 | I40: =მომსახურება!D25 -> 466.10169 | J40: =I40*D40 -> 12584.746 | K40: =F40+H40+J40 -> 12584.746
B41: RorRi 10*20 | C41: m3 | D41: =64.5*15.8*0.12*1.02 -> 124.73784 | E41: =მასალა!D4 -> 38.135593 | F41: =D41*E41 -> 4756.9515 | H41: =G41*D41 -> 0 | I41: =7/1.18 -> 5.9322034 | J41: =I41*D41 -> 739.97024 | K41: =F41+H41+J41 -> 5496.9218
B42: inertuli masala | C42: m3 | D42: =(65.5+16.5)*1.5*3.2*1.3 -> 511.68 | E42: =მასალა!D3 -> 33.898305 | F42: =D42*E42 -> 17345.085 | H42: =G42*D42 -> 0 | I42: =7/1.18 -> 5.9322034 | J42: =I42*D42 -> 3035.3898 | K42: =F42+H42+J42 -> 20380.475
A43: 2 | B43: saZirkvlis betonis kedlebis hidroizolacia | C43: m2 | D43: =(61.7+15.2)*3.65 -> 280.685 | E43: =SUM(F44:F46)/D43 -> 2.6271186 | F43: =D43*E43 -> 737.3928 | G43: =SUM(H44:H46)/D43 -> 0 | H43: =G43*D43 -> 0 | I43: =მომსახურება!D33 -> 53.389831 | J43: =D43*I43 -> 14985.725 | K43: =F43+H43+J43 -> 15723.117
B44: hidroizolacia wasasmeli | C44: m2 | D44: =D43 -> 280.685 | F44: =D44*E44 -> 0 | G44: 0 | H44: =D44*G44 -> 0 | J44: =D44*I44 -> 0 | K44: =F44+H44+J44 -> 0
B45: ips 2sm ni | C45: m2 | D45: =D44*1.05 -> 294.71925 | E45: =მასალა!D91 -> 1.6949153 | F45: =D45*E45 -> 499.52415 | H45: =D45*G45 -> 0 | K45: =F45+H45 -> 499.52415
B46: damxmare masala hidroizolacia | C46: m2 | D46: =D44 -> 280.685 | E46: =მასალა!D95 -> 0.84745763 | F46: =D46*E46 -> 237.86864 | H46: =D46*G46 -> 0 | K46: =F46+H46 -> 237.86864
A47: 3 | B47: usafrTxoebis xarji | C47: Tve | D47: 2 | E47: =9500/1.18 -> 8050.8475 | F47: =D47*E47 -> 16101.695 | H47: =D47*G47 -> 0 | I47: =9500/1.18 -> 8050.8475 | J47: =I47*D47 -> 16101.695 | K47: =F47+H47+J47 -> 32203.39
A48: 4 | B48: dRiuri muSebi | C48: kac/dRe | D48: 60 | F48: =D48*E48 -> 0 | G48: =4*80*1.275 -> 408 | H48: =G48*D48 -> 24480 | I48: 0 | J48: 0 | K48: =F48+H48 -> 24480
B49: jami | F49: =F48+F47+F30+F43 -> 1052376.4 | H49: =H48+H47+H30+H43 -> 515128.5 | J49: =J48+J47+J30+J43 -> 87711.428 | K49: =K48+K47+K30+K43 -> 1655216.3
B50: zednadebi xarji | C50: 0.074 | K50: =K49*C50 -> 122486.01
B51: jami | K51: =SUM(K49:K50) -> 1777702.3
B52: yalibi | C52: 0.0465 | K52: =K51*C52 -> 82663.158
B53: jami | K53: =SUM(K51:K52) -> 1860365.5
B54: teqnika | C54: 0.035 | K54: =K53*C54 -> 65112.792
B55: jami | K55: =SUM(K53:K54) -> 1925478.3
B56: mogeba | C56: 0.165 | K56: =K55*C56 -> 317703.92
B57: jami | K57: =SUM(K55:K56) -> 2243182.2
B58: dRg | C58: 0.18 | K58: =K57*C58 -> 403772.79
B59: mTliani | K59: =SUM(K57:K58) -> 2646955
B61: TeTri karkasi
A62: 1 | B62: blokis wyoba 20 | C62: m2 | D62: =SUM(,D63,D72,D81) -> 4151.969 | E62: =SUM(F82:F89,F73:F80,F64:F71,)/D62 -> 27.127081 | F62: =D62*E62 -> 112630.8 | G62: =SUM(H86,H81,H77,H72,H65,H63,)/D62 -> 24.242506 | H62: =G62*D62 -> 100654.13 | I62: 0 | J62: 0 | K62: =F62+H62+J62 -> 213284.93
A63: 1 | B63: blokis wyoba 20 niS -2.30 | C63: m2 | D63: =სამუშაო!I4 -> 658.108 | F63: =D63*E63 -> 0 | G63: =ხელფასი!D4 -> 23.90625 | H63: =D63*G63 -> 15732.894 | K63: =F63+H63 -> 15732.894
B64: bloki 20-iani | C64: c | D64: =D63*13 -> 8555.404 | E64: =SUMIFS(მასალა!D3:D139,მასალა!B3:B139,ბიუჯეტი!B64) -> 1.6694915 | F64: =D64*E64 -> 14283.174 | H64: =D64*G64 -> 0 | K64: =F64+H64 -> 14283.174
B65: sartyeli | C65: grZ.m | D65: =სამუშაო!H4 -> 3 | E65: =SUMIFS(მასალა!D4:D140,მასალა!B4:B140,ბიუჯეტი!B65) -> 0 | F65: =D65*E65 -> 0 | G65: =ხელფასი!D6 -> 44.625 | H65: =D65*G65 -> 133.875 | K65: =F65+H65 -> 133.875
B66: betoni b-25 | C66: მ3 | D66: =(D65+D68)*0.2*0.4*1.05 -> 0.588 | E66: =SUMIFS(მასალა!D3:D141,მასალა!B3:B141,ბიუჯეტი!B66) -> 219.49153 | F66: =D66*E66 -> 129.06102 | H66: =D66*G66 -> 0 | K66: =F66+H66 -> 129.06102
B67: armatura a500 | C67: ტონა | D67: 0.015 | E67: =SUMIFS(მასალა!D3:D142,მასალა!B3:B142,ბიუჯეტი!B67) -> 0 | F67: =D67*E67 -> 0 | H67: =D67*G67 -> 0 | K67: =F67+H67 -> 0
B68: zRudari | C68: გრძ/მ | D68: =სამუშაო!G4 -> 4 | E68: =SUMIFS(მასალა!D4:D143,მასალა!B4:B143,ბიუჯეტი!B68) -> 0 | F68: =D68*E68 -> 0 | H68: =D68*G68 -> 0 | K68: =F68+H68 -> 0
B69: qviSa | C69: m3 | D69: =D63*0.03*1.05 -> 20.730402 | E69: =SUMIFS(მასალა!D3:D143,მასალა!B3:B143,ბიუჯეტი!B69) -> 59.322034 | F69: =D69*E69 -> 1229.7696 | H69: =D69*G69 -> 0 | K69: =F69+H69 -> 1229.7696
B70: cementi m300 | C70: t | D70: =D69/4*1.05 -> 5.4417305 | E70: =SUMIFS(მასალა!D3:D144,მასალა!B3:B144,ბიუჯეტი!B70) -> 265.47458 | F70: =D70*E70 -> 1444.6411 | H70: =D70*G70 -> 0 | K70: =F70+H70 -> 1444.6411
B71: blokis damxmare masala | C71: m2 | D71: =D63 -> 658.108 | E71: =SUMIFS(მასალა!D9:D145,მასალა!B9:B145,ბიუჯეტი!B71) -> 0.84745763 | F71: =D71*E71 -> 557.71864 | H71: =D71*G71 -> 0 | K71: =F71+H71 -> 557.71864
A72: 2 | B72: blokis wyoba 20 niS 0.00 | C72: m2 | D72: =სამუშაო!I5 -> 917.83 | F72: =D72*E72 -> 0 | G72: =ხელფასი!D4 -> 23.90625 | H72: =D72*G72 -> 21941.873 | K72: =F72+H72 -> 21941.873
B73: bloki 20-iani | C73: c | D73: =D72*13 -> 11931.79 | E73: =SUMIFS(მასალა!D3:D147,მასალა!B3:B147,ბიუჯეტი!B73) -> 1.6694915 | F73: =D73*E73 -> 19920.022 | H73: =D73*G73 -> 0 | K73: =F73+H73 -> 19920.022
B74: sartyeli | C74: grZ.m | D74: =სამუშაო!H5 -> 41 | E74: =SUMIFS(მასალა!D4:D148,მასალა!B4:B148,ბიუჯეტი!B74) -> 0 | F74: =D74*E74 -> 0 | G74: =ხელფასი!D6 -> 44.625 | H74: =D74*G74 -> 1829.625 | K74: =F74+H74 -> 1829.625
B75: betoni b-25 | C75: მ3 | D75: =(D74+D77)*0.2*0.2*1.05 -> 2.415 | E75: =SUMIFS(მასალა!D5:D149,მასალა!B5:B149,ბიუჯეტი!B75) -> 219.49153 | F75: =D75*E75 -> 530.07203 | H75: =D75*G75 -> 0 | K75: =F75+H75 -> 530.07203
B76: armatura a500 | C76: ტონა | D76: 0.06 | E76: =SUMIFS(მასალა!D6:D150,მასალა!B6:B150,ბიუჯეტი!B76) -> 0 | F76: =D76*E76 -> 0 | H76: =D76*G76 -> 0 | K76: =F76+H76 -> 0
B77: zRudari | C77: გრძ/მ | D77: =სამუშაო!G5 -> 16.5 | E77: =SUMIFS(მასალა!D7:D151,მასალა!B7:B151,ბიუჯეტი!B77) -> 0 | F77: =D77*E77 -> 0 | G77: =ხელფასი!D5 -> 19.125 | H77: =D77*G77 -> 315.5625 | K77: =F77+H77 -> 315.5625
B78: qviSa | C78: m3 | D78: =D72*0.03*1.05 -> 28.911645 | E78: =SUMIFS(მასალა!D8:D152,მასალა!B8:B152,ბიუჯეტი!B78) -> 59.322034 | F78: =D78*E78 -> 1715.0976 | H78: =D78*G78 -> 0 | K78: =F78+H78 -> 1715.0976
B79: cementi m300 | C79: t | D79: =D78/4*1.05 -> 7.5893068 | E79: =SUMIFS(მასალა!D9:D153,მასალა!B9:B153,ბიუჯეტი!B79) -> 265.47458 | F79: =D79*E79 -> 2014.768 | H79: =D79*G79 -> 0 | K79: =F79+H79 -> 2014.768
B80: blokis damxmare masala | C80: m2 | D80: =D72 -> 917.83 | E80: =SUMIFS(მასალა!D10:D154,მასალა!B10:B154,ბიუჯეტი!B80) -> 0.84745763 | F80: =D80*E80 -> 777.82203 | H80: =D80*G80 -> 0 | K80: =F80+H80 -> 777.82203
A81: 3 | B81: blokis wyoba 20 niS 3.20/6.40/9.60 | C81: m2 | D81: =სამუშაო!I6+სამუშაო!I7+სამუშაო!I8 -> 2576.031 | F81: =D81*E81 -> 0 | G81: =ხელფასი!D4 -> 23.90625 | H81: =D81*G81 -> 61583.241 | K81: =F81+H81 -> 61583.241
B82: bloki 20-iani | C82: c | D82: =D81*13 -> 33488.403 | E82: =SUMIFS(მასალა!D1:D156,მასალა!B1:B156,ბიუჯეტი!B82) -> 1.6694915 | F82: =D82*E82 -> 55908.605 | H82: =D82*G82 -> 0 | K82: =F82+H82 -> 55908.605
B83: sartyeli | C83: grZ.m | D83: =სამუშაო!H6+სამუშაო!H7+სამუშაო!H8 -> 109.8 | E83: =SUMIFS(მასალა!D2:D157,მასალა!B2:B157,ბიუჯეტი!B83) -> 0 | F83: =D83*E83 -> 0 | G83: =ხელფასი!D6 -> 44.625 | H83: =D83*G83 -> 4899.825 | K83: =F83+H83 -> 4899.825
B84: betoni b-25 | C84: მ3 | D84: =(D83+D86)*0.2*0.2*1.05 -> 6.6906 | E84: =SUMIFS(მასალა!D3:D158,მასალა!B3:B158,ბიუჯეტი!B84) -> 219.49153 | F84: =D84*E84 -> 1468.53 | H84: =D84*G84 -> 0 | K84: =F84+H84 -> 1468.53
B85: armatura a500 | C85: ტონა | D85: 0.3 | E85: =SUMIFS(მასალა!D3:D159,მასალა!B3:B159,ბიუჯეტი!B85) -> 0 | F85: =D85*E85 -> 0 | H85: =D85*G85 -> 0 | K85: =F85+H85 -> 0
B86: zRudari | C86: გრძ/მ | D86: =სამუშაო!G6+სამუშაო!G7+სამუშაო!G8 -> 49.5 | E86: =SUMIFS(მასალა!D5:D160,მასალა!B5:B160,ბიუჯეტი!B86) -> 0 | F86: =D86*E86 -> 0 | G86: =ხელფასი!D5 -> 19.125 | H86: =D86*G86 -> 946.6875 | K86: =F86+H86 -> 946.6875
B87: qviSa | C87: m3 | D87: =D81*0.03*1.05 -> 81.144976 | E87: =SUMIFS(მასალა!D3:D161,მასალა!B3:B161,ბიუჯეტი!B87) -> 59.322034 | F87: =D87*E87 -> 4813.685 | H87: =D87*G87 -> 0 | K87: =F87+H87 -> 4813.685
B88: cementi m300 | C88: t | D88: =D87/4*1.05 -> 21.300556 | E88: =SUMIFS(მასალა!D3:D162,მასალა!B3:B162,ბიუჯეტი!B88) -> 265.47458 | F88: =D88*E88 -> 5654.7562 | H88: =D88*G88 -> 0 | K88: =F88+H88 -> 5654.7562
B89: blokis damxmare masala | C89: m2 | D89: =D81 -> 2576.031 | E89: =SUMIFS(მასალა!D3:D163,მასალა!B3:B163,ბიუჯეტი!B89) -> 0.84745763 | F89: =D89*E89 -> 2183.0771 | H89: =D89*G89 -> 0 | K89: =F89+H89 -> 2183.0771
A90: 2 | B90: vitraJi | C90: m2 | D90: =SUM(D91,D92,D93) -> 592.4 | E90: =SUM(F91:F93)/D90 -> 0 | F90: =D90*E90 -> 0 | G90: =SUM(H91:H93)/D90 -> 0 | H90: =G90*D90 -> 0 | I90: =SUM(J91:J93)/D90 -> 301.86441 | J90: =I90*D90 -> 178824.47 | K90: =F90+H90+J90 -> 178824.47
A91: 1 | B91: vitraJi niS. -2.55 | C91: m2 | D91: =სამუშაო!I14 -> 17.28 | F91: =D91*E91 -> 0 | H91: =D91*G91 -> 0 | I91: =მომსახურება!D3 -> 301.86441 | J91: =I91*D91 -> 5216.2169 | K91: =F91+H91+J91 -> 5216.2169
A92: 2 | B92: vitraJi niS. 0.00 | C92: m2 | D92: =სამუშაო!I15 -> 118.16 | F92: =D92*E92 -> 0 | H92: =D92*G92 -> 0 | I92: =მომსახურება!D3 -> 301.86441 | J92: =I92*D92 -> 35668.298 | K92: =F92+H92+J92 -> 35668.298
A93: 3 | B93: vitraJi niS. 3.20/6.40/9.60 | C93: m2 | D93: =სამუშაო!I16+სამუშაო!I17+სამუშაო!I18 -> 456.96 | F93: =D93*E93 -> 0 | H93: =D93*G93 -> 0 | I93: =მომსახურება!D3 -> 301.86441 | J93: =I93*D93 -> 137939.96 | K93: =F93+H93+J93 -> 137939.96
A94: 3 | B94: fasadis mopirkeTeba aguriT | C94: m2 | D94: =D101+D95 -> 1072.18 | E94: =SUM(F95:F106)/D94 -> 46.640923 | F94: =D94*E94 -> 50007.465 | G94: =SUM(H95:H106)/D94 -> 84.887782 | H94: =G94*D94 -> 91014.983 | I94: 15 | J94: =I94*D94 -> 16082.7 | K94: =F94+H94+J94 -> 157105.15
A95: 1 | B95: fasadis mopirkeTeba aguriT niS -2.30 | C95: m2 | D95: =სამუშაო!D24 -> 0 | F95: =D95*E95 -> 0 | G95: =ხელფასი!D7 -> 82.875 | H95: =D95*G95 -> 0 | K95: =F95+H95+J95 -> 0
B96: aguri dekoratiuli | C96: cali | D96: =D95*35*1.05 -> 0 | E96: =SUMIFS(მასალა!D1:D170,მასალა!B1:B170,ბიუჯეტი!B96) -> 0.80508475 | F96: =D96*E96 -> 0 | H96: =D96*G96 -> 0 | K96: =F96+H96+J96 -> 0
B97: qviSa | C97: m3 | D97: =D95*0.03*1.05 -> 0 | E97: =SUMIFS(მასალა!D2:D171,მასალა!B2:B171,ბიუჯეტი!B97) -> 59.322034 | F97: =D97*E97 -> 0 | H97: =D97*G97 -> 0 | K97: =F97+H97+J97 -> 0
B98: kuTxovanis mowyoba | C98: grZ.m | D98: 0 | E98: =SUMIFS(მასალა!D3:D172,მასალა!B3:B172,ბიუჯეტი!B98) -> 12.542373 | F98: =D98*E98 -> 0 | G98: =ხელფასი!D31 -> 12.75 | H98: =D98*G98 -> 0 | K98: =F98+H98+J98 -> 0
B99: cementi m300 | C99: t | D99: =D97/4*1.05 -> 0 | E99: =SUMIFS(მასალა!D4:D173,მასალა!B4:B173,ბიუჯეტი!B99) -> 265.47458 | F99: =D99*E99 -> 0 | H99: =D99*G99 -> 0 | K99: =F99+H99+J99 -> 0
B100: aguris damxmare masala | C100: m2 | D100: =D95 -> 0 | E100: =SUMIFS(მასალა!D5:D174,მასალა!B5:B174,ბიუჯეტი!B100) -> 4.2372881 | F100: =D100*E100 -> 0 | H100: =D100*G100 -> 0 | K100: =F100+H100+J100 -> 0
A101: 1 | B101: fasadis mopirkeTeba aguriT niS 0.00.3.20/6.40/9.60 | C101: m2 | D101: =სამუშაო!D25 -> 1072.18 | F101: =D101*E101 -> 0 | G101: =ხელფასი!D7 -> 82.875 | H101: =D101*G101 -> 88856.918 | K101: =F101+H101+J101 -> 88856.918
B102: aguri dekoratiuli | C102: cali | D102: =D101*35*1.05 -> 39402.615 | E102: =SUMIFS(მასალა!D1:D176,მასალა!B1:B176,ბიუჯეტი!B102) -> 0.80508475 | F102: =D102*E102 -> 31722.444 | H102: =D102*G102 -> 0 | K102: =F102+H102+J102 -> 31722.444
...

Sheet სამუშაო
A1: 20 iani bloki
A2: # | B2: niS.\ | C2: sarTuli | D2: fasadi | E2: sadarbazo | F2: binebis gamyofi | G2: ზღუდარი | H2: სარტყელი | I2: jami | J2: vada
A3: 1 | B3: 2 | C3: 3 | D3: 4 | E3: 5 | F3: 6 | G3: 7 | H3: 8 | I3: 9 | J3: 10
A4: 1 | B4: -2.3 | C4: 1 | D4: 0 | E4: 0 | F4: =((19.8+2+5.05+2.4+1.55+2.7+5.1+2.9+5.1+2.9+2.2+4.8+7.4+7+7+7.4+8.25)*2.32)*3 -> 651.108 | G4: 4 | H4: 3 | I4: =SUM(D4:H4) -> 658.108
A5: 2 | B5: 0 | C5: 2 | D5: =(((7+7+7+7+6.5+6.5+2.3+3.4+3.3)*2.6)+((4.4+3.5+1.1+1.6+3.5)*2.97))*2+(7+7+7+7+3.4+3.4+3.4+3.15+2.5)*2.6+(1.1+3.5+1.1+3.5+3.5+2+3.7+1+2+4.2)*2.97 -> 533.796 | E5: =((6.7+7+3.2+6.5+2.65+1.2)*2.97)*2+(7+7+6.9+2.9+2.6+1.2)*2.97 -> 243.837 | F5: =((6.7+0.8+7.9+2.7+7.4)*2.97)*2+((7+2.5+7.6)*2.97) -> 202.257 | G5: =11*1.5 -> 16.5 | H5: =3.5+3.5+4.4+3.4+3.4+4.4+3.5+3.5+3.5+3.7+4.2 -> 41 | I5: =SUM(D5:H5)-I15-D56+E56+F56*2.2 -> 917.83
A6: 3 | B6: 3.2 | C6: 3 | D6: =(((7+7+7+7+6.5+6.5+6.5+2.3+3.4)*2.6)+((4+1.1+2.8)*2.97))*2+(7+7+7+7+2.5+3.4+3.4+3.4+3.1)*2.6+(2.9+2.9+0.9+0.9+3.7+3.5+0.7+2.9)*2.97 -> 492.094 | E6: =((6.7+7+7+2.9+1.5+1.2)*2.97)*3 -> 234.333 | F6: =((3.2+2.2+3.8+7.7+2.7+7.4)*2.97)*2+((7+2.5+7.5)*2.97) -> 210.87 | G6: =11*1.5 -> 16.5 | H6: =3.5+3.5+4.4+4.4+3.5+3.5+3.5+2.4+3.7+4.2 -> 36.6 | I6: =SUM(D6:H6)-I17-D57+G57*2.2+25 -> 858.677
A7: 3 | B7: 6.4 | C7: 3 | D7: =(((7+7+7+7+6.5+6.5+6.5+2.3+3.4)*2.6)+((4+1.1+2.8)*2.97))*2+(7+7+7+7+2.5+3.4+3.4+3.4+3.1)*2.6+(2.9+2.9+0.9+0.9+3.7+3.5+0.7+2.9)*2.97 -> 492.094 | E7: =((6.7+7+7+2.9+1.5+1.2)*2.97)*3 -> 234.333 | F7: =((3.2+2.2+3.8+7.7+2.7+7.4)*2.97)*2+((7+2.5+7.5)*2.97) -> 210.87 | G7: =11*1.5 -> 16.5 | H7: =3.5+3.5+4.4+4.4+3.5+3.5+3.5+2.4+3.7+4.2 -> 36.6 | I7: =SUM(D7:H7)-I18-D58+G58*2.2+25 -> 858.677
A8: 4 | B8: 9.6 | C8: 4 | D8: =(((7+7+7+7+6.5+6.5+6.5+2.3+3.4)*2.6)+((4+1.1+2.8)*2.97))*2+(7+7+7+7+2.5+3.4+3.4+3.4+3.1)*2.6+(2.9+2.9+0.9+0.9+3.7+3.5+0.7+2.9)*2.97 -> 492.094 | E8: =((6.7+7+7+2.9+1.5+1.2)*2.97)*3 -> 234.333 | F8: =((3.2+2.2+3.8+7.7+2.7+7.4)*2.97)*2+((7+2.5+7.5)*2.97) -> 210.87 | G8: =11*1.5 -> 16.5 | H8: =3.5+3.5+4.4+4.4+3.5+3.5+3.5+2.4+3.7+4.2 -> 36.6 | I8: =SUM(D8:H8)-I18-D59+G59*2.2+25 -> 858.677
I9: =SUM(I4:I8) -> 4151.969 | J9: =SUM(J4:J8) -> 0
A11: m/plastmasi
A12: # | B12: niS.\ | C12: sarTuli | I12: jami | J12: vada
A13: 1 | B13: 2 | C13: 3 | D13: 4 | E13: 5 | F13: 6 | G13: 7 | H13: 8 | I13: 9 | J13: 10
A14: 1 | B14: -2.3 | C14: 1 | D14: =1.6*0.6*18 -> 17.28 | I14: =SUM(D14:H14) -> 17.28
A15: 2 | B15: 0 | C15: 2 | D15: =(1.6*1.6)*12+(1*1.6)*2+(1.6*2.6)*12+(1*2.6)*3+(1.7*2.6)*6 -> 118.16 | I15: =SUM(D15:H15) -> 118.16
A16: 2 | B16: 3.2 | C16: 2 | D16: =(1.6*1.6)*6+(1*1.6)*2+(1.6*2.6)*16+(1*2.6)*7+(1.7*2.6)*10+(1.2*2)*2 -> 152.32 | I16: =SUM(D16:H16) -> 152.32
A17: 3 | B17: 6.4 | C17: 3 | D17: =(1.6*1.6)*6+(1*1.6)*2+(1.6*2.6)*16+(1*2.6)*7+(1.7*2.6)*10+(1.2*2)*2 -> 152.32 | I17: =SUM(D17:H17) -> 152.32
A18: 4 | B18: 9.6 | C18: 4 | D18: =(1.6*1.6)*6+(1*1.6)*2+(1.6*2.6)*16+(1*2.6)*7+(1.7*2.6)*10+(1.2*2)*2 -> 152.32 | I18: =SUM(D18:H18) -> 152.32
I19: =SUM(I14:I18) -> 592.4 | J19: =SUM(J14:J18) -> 0
A21: fasadi
A22: # | B22: niS.\ | C22: sarTuli | D22: aguri | E22: daTbuneba/Rebva | F22: ferdili | G22: betonis faqtura | H22: bazalti | I22: jami | J22: vada
A23: 1 | B23: 2 | C23: 3 | D23: 4 | E23: 5 | F23: 6 | G23: 7 | H23: 8 | I23: 9 | J23: 10
A24: 1 | B24: -2.3 | C24: 1 | D24: 0 | F24: 0 | H24: =1.6*18 -> 28.8 | I24: =SUM(D24:H24) -> 28.8
A25: 2 | B25: 0 | C25: 2 | D25: 1072.18 | E25: =(2.2+2.2+2.5+1.3+3.8+1.3+4+2+1.8+3.4+1.6+1.1+2.9+2.2+2.2+2.5+1.3+3.8+1.3+4+2+1.8+3.4+1.6+1.1+2.9+2.6+1.1+2.6+1.1+3.5+3.8+1.25+1.15+2+2+2.9+2.4+2.2)*2.97 -> 263.736 | F25: =(15.4+15.4+2.65+5+1+2.7+2.7+5+2.7)+2.6*16+1.6*46+4*1+3.2*2+1.4*12+3*8 -> 218.95 | G25: 0 | H25: =1.7*14+1*2+3.1*3+3.2*3 -> 44.7 | I25: =SUM(D25:H25) -> 1599.566
A26: 3 | B26: 3.2 | C26: 3 | E26: =(4+2+2+2.9+0.9+0.4+4+2+2+2.9+0.9+0.4+2.9+2.2+2.1+2.9+0.9+0.4+0.8+3.5+0.9+3.1+3.7+2+1.8+2.9+0.9+0.4)*2.97 -> 165.726 | F26: =(2.3*2+1*6+2.6*32+1.6*32+3*8)*3 -> 507 | H26: =14*1.6+1*4+1.4*2 -> 29.2 | I26: =SUM(D26:H26) -> 701.926
A27: 4 | B27: 6.4 | C27: 4 | E27: =(4+2+2+2.9+0.9+0.4+4+2+2+2.9+0.9+0.4+2.9+2.2+2.1+2.9+0.9+0.4+0.8+3.5+0.9+3.1+3.7+2+1.8+2.9+0.9+0.4)*2.97 -> 165.726 | H27: =14*1.6+1*4+1.4*2 -> 29.2 | I27: =SUM(D27:H27) -> 194.926
A28: 5 | B28: 9.6 | C28: 5 | E28: =(4+2+2+2.9+0.9+0.4+4+2+2+2.9+0.9+0.4+2.9+2.2+2.1+2.9+0.9+0.4+0.8+3.5+0.9+3.1+3.7+2+1.8+2.9+0.9+0.4)*2.97 -> 165.726 | H28: =14*1.6+1*4+1.4*2 -> 29.2 | I28: =SUM(D28:H28) -> 194.926
C29: 6 | F29: 4 | I29: =SUM(D29:H29) -> 4
I30: =SUM(I24:I29) -> 2724.144 | J30: =SUM(J25:J28) -> 0
A32: 10 iani bloki
A33: # | B33: niS.\ | C33: sarTuli | D33: sadabazo | E33: aivani | F33: sak.Saxta binebi | G33: sak.Saxta sadarbazo | H33: tualeti | I33: jami | J33: vada
A34: 1 | B34: 2 | C34: 3 | D34: 4 | E34: 5 | F34: 6 | G34: 7 | H34: 8 | I34: 9 | J34: 10
A35: 1 | B35: -2.3 | C35: 1 | D35: =5.8*2.32 -> 13.456 | F35: =5.2*2.32 -> 12.064 | G35: 0 | H35: 0 | I35: =SUM(D35:H35) -> 25.52
A36: 2 | B36: 0 | C36: 2 | D36: 0 | E36: =(1.4+1.63+1.1+1.1+1.4+1.63)*2.97 -> 24.5322 | F36: =18.4*2.97 -> 54.648 | G36: =12.9*2.97 -> 38.313 | H36: 63.9 | I36: =SUM(D36:H36) -> 181.3932
A37: 2 | B37: 3.2 | C37: 3 | D37: 0 | E37: =(1.4+1.63+1.1+1.1+1.4+1.63)*2.97 -> 24.5322 | F37: =30.2*2.98 -> 89.996 | G37: =12.9*2.97 -> 38.313 | H37: 63.9 | I37: =SUM(D37:H37) -> 216.7412
A38: 3 | B38: 6.4 | C38: 4 | D38: 0 | E38: =(1.4+1.63+1.1+1.1+1.4+1.63)*2.97 -> 24.5322 | F38: =30.2*2.98 -> 89.996 | G38: =12.9*2.97 -> 38.313 | H38: 63.9 | I38: =SUM(D38:H38) -> 216.7412
A39: 4 | B39: 9.6 | C39: 5 | D39: 0 | E39: =(1.4+1.63+1.1+1.1+1.4+1.63)*2.97 -> 24.5322 | F39: =30.2*2.98 -> 89.996 | G39: =12.9*2.97 -> 38.313 | H39: 63.9 | I39: =SUM(D39:H39) -> 216.7412
I40: =SUM(I35:I39) -> 857.1368 | J40: =SUM(J35:J39) -> 0
A42: sadarbazo
A43: # | B43: niS.\ | C43: sarTuli | D43: lesva | E43: SefiTvna | F43: Rebva | G43: liftis aguri | H43: mdf | I43: jami | J43: vada
A44: 1 | B44: 2 | C44: 3 | D44: 4 | E44: 5 | F44: 6 | G44: 7 | H44: 8 | I44: 9 | J44: 10
A45: 1 | B45: -2.3 | C45: 1 | D45: =167.7*2.32 -> 389.064 | E45: =D45 -> 389.064 | F45: =E45 -> 389.064 | G45: =(0.75*2.32)*3 -> 5.22 | H45: =1.94*3 -> 5.82 | I45: =SUM(D45:H45) -> 1178.232
A46: 2 | B46: 0 | C46: 2 | D46: =105.1*2.98 -> 313.198 | E46: =D46 -> 313.198 | F46: =E46 -> 313.198 | G46: =(3.6*2.97)*3 -> 32.076 | H46: =8.45*3 -> 25.35 | I46: =SUM(D46:H46) -> 997.02
A47: 2 | B47: 3.2 | C47: 3 | D47: =105.1*2.98 -> 313.198 | E47: =D47 -> 313.198 | F47: =E47 -> 313.198 | G47: =(3.6*2.97)*3 -> 32.076 | H47: =8.45*3 -> 25.35 | I47: =SUM(D47:H47) -> 997.02
A48: 3 | B48: 6.4 | C48: 4 | D48: =105.1*2.98 -> 313.198 | E48: =D48 -> 313.198 | F48: =E48 -> 313.198 | G48: =(3.6*2.97)*3 -> 32.076 | H48: =8.45*3 -> 25.35 | I48: =SUM(D48:H48) -> 997.02
A49: 4 | B49: 9.6 | C49: 5 | D49: =105.1*2.98 -> 313.198 | E49: =D49 -> 313.198 | F49: =E49 -> 313.198 | G49: =(3.6*2.97)*3 -> 32.076 | H49: =8.45*3 -> 25.35 | I49: =SUM(D49:H49) -> 997.02
I50: =SUM(I45:I49) -> 5166.312 | J50: =SUM(J45:J49) -> 0
A52: kari
A53: # | B53: niS.\ | C53: sarTuli | D53: binis kari | E53: kibis ujredis kari | F53: sadarbazos kari | G53: sakm.kari | H53: საქვაბის კარი | I53: jami | J53: vada
A54: 1 | B54: 2 | C54: 3 | D54: 4 | E54: 5 | F54: 6 | G54: 7 | H54: 8 | I54: 9 | J54: 10
A55: 1 | B55: -2.3 | C55: 1 | D55: 30 | E55: 0 | F55: 0 | G55: 3 | H55: 0 | I55: =SUM(D55:H55) -> 33
A56: 2 | B56: 0 | C56: 2 | D56: 11 | E56: 3 | F56: 3 | G56: 0 | H56: 11 | I56: =SUM(D56:H56) -> 28
A57: 3 | B57: 3.2 | C57: 2 | D57: 11 | E57: 0 | F57: 0 | G57: 3 | H57: 11 | I57: =SUM(D57:H57) -> 25
A58: 4 | B58: 6.4 | C58: 3 | D58: 11 | E58: 0 | F58: 0 | G58: 3 | H58: 11 | I58: =SUM(D58:H58) -> 25
A59: 5 | B59: 9.6 | C59: 4 | D59: 11 | E59: 0 | F59: 0 | G59: 3 | H59: 11 | I59: =SUM(D59:H59) -> 25
I60: =SUM(I55:I59) -> 136 | J60: =SUM(J55:J59) -> 0
A62: მოაჯირი
A63: # | B63: niS.\ | C63: sarTuli | D63: აივანი | E63: ცხაური | F63: კიბის მოაჯირი | G63: კედლის კიბის მოაჯირი | I63: jami | J63: vada
A64: 1 | B64: 2 | C64: 3 | D64: 4 | E64: 5 | F64: 6 | G64: 7 | H64: 8 | I64: 9 | J64: 10
A65: 1 | B65: -2.3 | C65: 1 | D65: 0 | E65: 0 | F65: =(2.1+3.2+0.3)*3 -> 16.8 | G65: =(2.1+3.2)*3 -> 15.9 | I65: =SUM(D65:H65) -> 32.7
A66: 2 | B66: 0 | C66: 2 | D66: =4.25+1.75+1.75+3.15+3.6+1.2+3.15+4.85+3.4+3.6+3.15+4.25+1.75+1.75+1.7+1.7 -> 45 | E66: =(0.6+0.6+0.6)*2.6+(0.7+1.2)*3+(0.6*1.4)*2.6 -> 12.564 | F66: =(3.2+3.2+0.3)*3 -> 20.1 | G66: =(3.2+3.2)*3 -> 19.2 | I66: =SUM(D66:H66) -> 96.864
A67: 3 | B67: 3.2 | C67: 2 | D67: =(3.8+1.75+1.75+1.75+4.25+3.15+3.6+1.8+0.6+1.8+0.6+1.7+1)*2+1.15+3.2+4.85+3.4+2.5+2.5 -> 72.7 | E67: =(0.6+0.6+0.6+0.6+0.6+0.6+0.6)*2.6+(1.73+1.73+0.82+0.82+0.7+1.15)*3 -> 31.77 | F67: =(3.2+3.2+0.3)*3 -> 20.1 | G67: =(3.2+3.2)*3 -> 19.2 | I67: =SUM(D67:H67) -> 143.77
A68: 4 | B68: 6.4 | C68: 3 | D68: =(3.8+1.75+1.75+1.75+4.25+3.15+3.6+1.8+0.6+1.8+0.6+1.7+1)*2+1.15+3.2+4.85+3.4+2.5+2.5 -> 72.7 | E68: =(0.6+0.6+0.6+0.6+0.6+0.6+0.6)*2.6+(1.73+1.73+0.82+0.82+0.7+1.15)*3 -> 31.77 | F68: =(3.2+3.2+0.3)*3 -> 20.1 | G68: =(3.2+3.2)*3 -> 19.2 | I68: =SUM(D68:H68) -> 143.77
A69: 5 | B69: 9.6 | C69: 4 | D69: =(3.8+1.75+1.75+1.75+4.25+3.15+3.6+1.8+0.6+1.8+0.6+1.7+1)*2+1.15+3.2+4.85+3.4+2.5+2.5 -> 72.7 | E69: =(0.6+0.6+0.6+0.6+0.6+0.6+0.6)*2.6+(1.73+1.73+0.82+0.82+0.7+1.15)*3 -> 31.77 | F69: =(3.2+3.2+0.3+1.6)*3 -> 24.9 | G69: =(3.2+3.2)*3 -> 19.2 | I69: =SUM(D69:H69) -> 148.57
I70: =SUM(I65:I69) -> 565.674 | J70: =SUM(J65:J69) -> 0
A72: k/graniti
A73: # | B73: niS.\ | C73: sarTuli | D73: sadarbazo | E73: aivani | F73: plintusi | I73: jami | J73: vada
A74: 1 | B74: 2 | C74: 3 | D74: 4 | E74: 5 | F74: 6 | G74: 7 | H74: 8 | I74: 9 | J74: 10
A75: 1 | B75: -2.3 | C75: 1 | D75: 179.8 | E75: 0 | F75: 97.2 | I75: =SUM(D75:H75) -> 277
A76: 1 | B76: 0 | C76: 2 | D76: 94.9 | E76: =5.5+4.7+7.9+4.7+2.6+5.5+4.7+7.9+4.7+2.6+2.6+2.6+6.9+4.5+7.5 -> 74.9 | F76: 110.25 | I76: =SUM(D76:H76) -> 280.05
A77: 2 | B77: 3.2 | C77: 3 | D77: 101.1 | E77: =0.6+0.6+3.1+8+8.6+6.7+7.9+0.6+0.6+3.1+8+8.6+6.7+7.9+3.1+3.1+11+10.9+7.5 -> 106.6 | F77: 101.42 | I77: =SUM(D77:H77) -> 309.12
A78: 3 | B78: 6.4 | C78: 4 | D78: 101.1 | E78: =0.6+0.6+3.1+8+8.6+6.7+7.9+0.6+0.6+3.1+8+8.6+6.7+7.9+3.1+3.1+11+10.9+7.5 -> 106.6 | F78: 101.42 | I78: =SUM(D78:H78) -> 309.12
A79: 4 | B79: 9.6 | C79: 5 | D79: 101.1 | E79: =0.6+0.6+3.1+8+8.6+6.7+7.9+0.6+0.6+3.1+8+8.6+6.7+7.9+3.1+3.1+11+10.9+7.5 -> 106.6 | F79: 101.42 | I79: =SUM(D79:H79) -> 309.12
I80: =SUM(I75:I79) -> 1484.41 | J80: =SUM(J75:J79) -> 0
A82: მოჭიმვა
A83: # | B83: niS.\ | C83: sarTuli | D83: ბინები | E83: aivani | F83: სადარბაზო | I83: jami | J83: vada
A84: 1 | B84: 2 | C84: 3 | D84: 4 | E84: 5 | F84: 6 | G84: 7 | H84: 8 | I84: 9 | J84: 10
A85: 1 | B85: -2.3 | C85: 1 | D85: 0 | E85: =E75 -> 0 | F85: =D75 -> 179.8 | I85: =SUM(D85:H85) -> 179.8
A86: 2 | B86: 0 | C86: 2 | D86: 567 | E86: =E76 -> 74.9 | F86: =D76 -> 94.9 | I86: =SUM(D86:H86) -> 736.8
A87: 2 | B87: 3.2 | C87: 3 | D87: 592 | E87: =E77 -> 106.6 | F87: =D77 -> 101.1 | I87: =SUM(D87:H87) -> 799.7
A88: 3 | B88: 6.4 | C88: 4 | D88: 592 | E88: =E78 -> 106.6 | F88: =D78 -> 101.1 | I88: =SUM(D88:H88) -> 799.7
A89: 4 | B89: 9.6 | C89: 5 | D89: 592 | E89: =E79 -> 106.6 | F89: =D79 -> 101.1 | I89: =SUM(D89:H89) -> 799.7
I90: =SUM(I85:I89) -> 3315.7 | J90: =SUM(J85:J89) -> 0
A92: T/muyao
A93: # | B93: niS.\ | C93: sarTuli | D93: kedeli | E93: tixari | F93: Weri | I93: jami | J93: vada
A94: 1 | B94: 2 | C94: 3 | D94: 4 | E94: 5 | F94: 6 | G94: 7 | H94: 8 | I94: 9 | J94: 10
A95: 1 | B95: -2.3 | C95: 1 | D95: 0 | E95: 0 | I95: =SUM(D95:H95) -> 0
A96: 2 | B96: 0 | C96: 2 | D96: =367.12*2.97 -> 1090.3464 | E96: =108.7*2.97 -> 322.839 | I96: =SUM(D96:H96) -> 1413.1854
A97: 2 | B97: 3.2 | C97: 3 | D97: =367.12*2.97 -> 1090.3464 | E97: =114.4*2.97 -> 339.768 | I97: =SUM(D97:H97) -> 1430.1144
A98: 3 | B98: 6.4 | C98: 4 | D98: =367.12*2.97 -> 1090.3464 | E98: =114.4*2.97 -> 339.768 | I98: =SUM(D98:H98) -> 1430.1144
A99: 4 | B99: 9.6 | C99: 5 | D99: =367.12*2.97 -> 1090.3464 | E99: =114.4*2.97 -> 339.768 | I99: =SUM(D99:H99) -> 1430.1144
I100: =SUM(I95:I99) -> 5703.5286 | J100: =SUM(J95:J99) -> 0
B102: შავი კარკასი
A103: # | B103: niS.\ | C103: sarTuli | D103: ფილა | E103: ლიფტის შახტა | F103: მონ.კედელი | G103: დამატებები | I103: jami | J103: vada
A104: 1 | B104: 2 | C104: 3 | D104: 4 | E104: 5 | F104: 6 | G104: 7 | H104: 8 | I104: 9 | J104: 10
A105: 1 | B105: -2.3 | C105: 1 | D105: =ფართები!C7 -> 943.92 | E105: =(3.8*3.5)*3+((2.3+2.6+2.3+2.6)*4.85*3) -> 182.49 | F105: =((20.7+15.2)*2)*1.95+((20.3+15.2)*2)*1.95+((20.7+15.2)*2)*1.95+(7+7+7+7+6.5+6.5+6.5+6.5+6.1+6.1+6.1+6.5+6.1+6.1+6.5+7+7+7+7) -> 543.97 | G105: 0 | I105: =SUM(D105:H105) -> 1670.38
A106: 2 | B106: 0 | C106: 2 | D106: =ფართები!C8 -> 1007.46 | E106: =((2.3+2.6+2.3+2.6)*2.97)*3 -> 87.318 | F106: =(6.5*2.6)*3 -> 50.7 | I106: =SUM(D106:H106)-I117-I158*2.2 -> 1145.478
A107: 3 | B107: 3.2 | C107: 3 | D107: =ფართები!C9 -> 1007.46 | E107: =((2.3+2.6+2.3+2.6)*2.97)*3 -> 87.318 | F107: =(6.5*2.6)*3 -> 50.7 | I107: =SUM(D107:H107)-I119-I160*2.2 -> 1145.478
A108: 3 | B108: 6.4 | C108: 3 | D108: =ფართები!C10 -> 1007.46 | E108: =((2.3+2.6+2.3+2.6)*2.97)*3 -> 87.318 | F108: =(6.5*2.6)*3 -> 50.7 | I108: =SUM(D108:H108)-I120-I161*2.2 -> 1145.478
A109: 3 | B109: 9.6 | C109: 3 | D109: =ფართები!C11 -> 1007.46 | E109: =((2.3+2.6+2.3+2.6)*2.97)*3 -> 87.318 | F109: =(6.5*2.6)*3 -> 50.7 | I109: =SUM(D109:H109)-I121-I162*2.2 -> 1145.478
A110: 4 | B110: სახურავი | C110: 4 | D110: =ფართები!C12 -> 1004.94 | E110: =(2.3*2.6+((2.3+2.3+2.3+2.6)*0.95))*3 -> 45.015 | F110: =((21.7+15.2)*2)*3 -> 221.4 | G110: 48 | I110: =SUM(D110:H110)-I120-I161*2.2 -> 1319.355
...

Sheet მასალა
A1: # | B1: samuSaos dasaxeleba | C1: gan/ba | D1: masala, erT
A2: 1 | B2: 2 | C2: 3 | D2: 5
B3: inertuli masala | C3: m3 | D3: =40/1.18 -> 33.898305
B4: RorRi 10*20 | C4: m3 | D4: =45/1.18 -> 38.135593
B5: betoni b-7.5 | C5: m3 | D5: =205/1.18 -> 173.72881 | E5: გაძვირებულია წინა ბიუჯეტებში არ შეგვიცვლია
B6: betoni b-25 | C6: m3 | D6: =259/1.18 -> 219.49153
B7: armatura | C7: t | D7: =830*ფართები!E3/1.18 -> 1931.2271
B8: bloki 20-iani | C8: c | D8: =1.97/1.18 -> 1.6694915
B9: Sveleri 22 ni | C9: გრძ/მ | D9: =116/1.18 -> 98.305085
B10: qviSa | C10: m3 | D10: =70/1.18 -> 59.322034
B11: cementi m300 | C11: t | D11: =313.26/1.18 -> 265.47458
B12: aguri dekoratiuli | C12: cali | D12: =0.95/1.18 -> 0.80508475
B13: bazalti | C13: m2 | D13: =78/1.18 -> 66.101695
B14: Savi qviSa | C14: m3 | D14: =70/1.18 -> 59.322034
B15: bazaltis fila 03 | C15: m2 | D15: =70/1.18 -> 59.322034
B16: bazaltis fila 02 | C16: m2 | D16: =40/1.18 -> 33.898305
B17: bazaltis fila 05 | C17: m2 | D17: =140/1.18 -> 118.64407
B18: saRebavi | C18: litri | D18: =14.4/1.18 -> 12.20339
B19: kibis safexuri | C19: ცალი | D19: =140/1.18 -> 118.64407
B20: webo/cementi | C20: c | D20: =13/1.18 -> 11.016949
B21: meTlaxis fila | C21: მ2 | D21: =45/1.18 -> 38.135593 | E21: არსებული ფილები არღარ არის, ჩავსვი საორენტაციო ფასი
B22: fiTxi | C22: c | D22: =16.5/1.18 -> 13.983051
B23: bloki 10-iani | C23: c | D23: =1.25/1.18 -> 1.059322
B24: Tunuqi | C24: m2 | D24: =23/1.18 -> 19.491525
B25: membrana | C25: m2 | D25: =4/1.18 -> 3.3898305
B26: xis masala | C26: m3 | D26: =770/1.18 -> 652.54237
B27: xis dasamuSavebeli xsnari | C27: ლ | D27: =3.8/1.18 -> 3.220339
B28: milkvadrati 60*80 | C28: grZ.m | D28: =14.6/1.18 -> 12.372881
B29: iqspiesi | C29: m3 | D29: =8/1.18 -> 6.779661
B30: milkvadrati 100*100 | C30: grZ.m | D30: =21/1.18 -> 17.79661
B31: cementi m400 | C31: t | D31: =358.7/1.18 -> 303.98305
B32: T/muyaos fila | C32: c | D32: =14.9/1.18 -> 12.627119
B33: profili cd | C33: c | D33: =11.1/1.18 -> 9.4067797
B34: profili ud | C34: c | D34: =8.2/1.18 -> 6.9491525
B35: minabamba | C35: m2 | D35: =2.9/1.18 -> 2.4576271
B36: agrafi | C36: c | D36: =0.96/1.18 -> 0.81355932
B37: Surufi tn25 | C37: c | D37: =0.035/1.18 -> 0.029661017
B38: Surufi tn35 | C38: c | D38: =0.045/1.18 -> 0.038135593
B39: dubel Surufi k6 | C39: c | D39: =0.095/1.18 -> 0.080508475
B40: semiWka Surufi | C40: c | D40: =0.038/1.18 -> 0.03220339
B41: orTqlizolacia | C41: m2 | D41: =2.5/1.18 -> 2.1186441
B42: profili uv | C42: c | D42: =14.5/1.18 -> 12.288136
B43: profili cv | C43: c | D43: =16.8/1.18 -> 14.237288
B44: gaTbobis mili | C44: grZ.m | D44: =3.5/1.18 -> 2.9661017
B45: mili kanalizaciis | C45: c | D45: =35/1.18 -> 29.661017
B46: aqsesuari | C46: c | D46: =85/1.18 -> 72.033898
B47: mili ventilaciis 3m | C47: c | D47: =35/1.18 -> 29.661017
B48: mili ventilaciis 0.3m | C48: c | D48: =6.5/1.18 -> 5.5084746
B49: mili ventilaciis 2m | C49: c | D49: =20/1.18 -> 16.949153
B50: kabeli 3*2.5 | C50: grZ.m | D50: =3/1.18 -> 2.5423729
B51: kabeli 3*1.5 | C51: grZ.m | D51: =1.9/1.18 -> 1.6101695
B52: kabeli 2*1.5 | C52: grZ.m | D52: =1.3/1.18 -> 1.1016949
B53: internetis kabeli | C53: grZ.m | D53: =1.3/1.18 -> 1.1016949
B54: sanaTi aivnis | C54: cali | D54: =10/1.18 -> 8.4745763
B55: sanaTi sadarbazo | C55: cali | D55: =55/1.18 -> 46.610169
B56: kabeli 2*2.5 | C56: grZ.m | D56: =2.1/1.18 -> 1.779661
B57: Telasis kabeli | C57: grZ.m | D57: =9.5/1.18 -> 8.0508475
B58: kabeli 2*16 | C58: grZ.m | D58: =5.8/1.18 -> 4.9152542
B59: retro sadeni | C59: grZ.m | D59: =7.5/1.18 -> 6.3559322
B60: retro sadenis samagri | C60: grZ.m | D60: =2/1.18 -> 1.6949153
B61: wylis dgari | C61: grZ.m | D61: =5/1.18 -> 4.2372881
B62: wylis mili | C62: grZ.m | D62: =2.1/1.18 -> 1.779661
B63: mili 25 | C63: grZ.m | D63: =2.7/1.18 -> 2.2881356
B64: mili 50 | C64: grZ.m | D64: =5.2/1.18 -> 4.4067797
B65: milis gadasabmeli 25 | C65: cali | D65: =0.7/1.18 -> 0.59322034
B66: milis samagri 25 | C66: cali | D66: =0.8/1.18 -> 0.6779661
B67: milis muxli 25 | C67: cali | D67: =1.7/1.18 -> 1.440678
B68: kuTxovanis mowyoba | C68: grZ.m | D68: =14.8/1.18 -> 12.542373
B69: qvabambis dubeli | C69: ცალი | D69: =0.5/1.18 -> 0.42372881
B70: fasadis bade | C70: მ2 | D70: =1.5/1.18 -> 1.2711864
B71: fasadis fiTxi | C71: ცალი | D71: =23.5/1.18 -> 19.915254
B72: qvabamba 5 ni | C72: ცალი | D72: =17/1.18 -> 14.40678
B73: qvabamba 3 ni | C73: ცალი | D73: =9/1.18 -> 7.6271186
B74: defleqtori | C74: ცალი | D74: =420/1.18 -> 355.9322
B75: webocementi 185 | C75: ცალი | D75: =18.5/1.18 -> 15.677966
B76: webocementi 186 | C76: ცალი | D76: =23.5/1.18 -> 19.915254
B77: grunti | C77: ლიტრი | D77: =11.2/1.18 -> 9.4915254
B78: fasadis saRebavi | C78: ლიტრი | D78: =40/1.18 -> 33.898305
B79: sadarbazos saRebavi | C79: ლიტრი | D79: =24.9/1.18 -> 21.101695
B80: sadrenaJe membrana | C80: მ2 | D80: =2.9/1.18 -> 2.4576271
B81: jeoteqstili | C81: მ2 | D81: =3.25/1.18 -> 2.7542373
B82: ipdm membrana | C82: მ2 | D82: =43/1.18 -> 36.440678
B83: Savi miwa | C83: მ3 | D83: =65/1.18 -> 55.084746
B84: iqspiesi 3 ni | C84: მ2 | D84: =9.2/1.18 -> 7.7966102
B85: iqspiesi 5 ni | C85: მ2 | D85: =17.2/1.18 -> 14.576271
B86: osb | C86: ცალი | D86: =45/1.18 -> 38.135593
B87: kanalizacia | C87: ცალი | D87: =130/1.18 -> 110.16949
B88: kanalizacia binaSi | C88: ცალი | D88: =50/1.18 -> 42.372881
B89: ventilacia | C89: ცალი | D89: =30/1.18 -> 25.423729
B90: saniaRvre Rari | C90: გრძ/მ | D90: =60/1.18 -> 50.847458
B91: ips 2 ni | C91: მ2 | D91: =2/1.18 -> 1.6949153
B92: bitumis praimeri | C92: ცალი | D92: =97/1.18 -> 82.20339
B93: hidrosaizolacio masala | C93: მ2 | D93: =15/1.18 -> 12.711864
B94: Savi karkasis damxmare masala | C94: ცალი | D94: =12/1.18 -> 10.169492
B95: hidroizolaciis damxmare masala | C95: ცალი | D95: =1/1.18 -> 0.84745763
B96: blokis damxmare masala | C96: ცალი | D96: =1/1.18 -> 0.84745763
B97: aguris damxmare masala | C97: ცალი | D97: =5/1.18 -> 4.2372881
B98: aguris cxauri damxmare masala | C98: ცალი | D98: =50/1.18 -> 42.372881
B99: fasadis daTfunebis damxmare masala | C99: ცალი | D99: =8/1.18 -> 6.779661
B100: Savad lesva damxmare masala | C100: ცალი | D100: =0.5/1.18 -> 0.42372881
...

Sheet მომსახურება
A1: # | B1: samuSaos dasaxeleba | C1: gan/ba | D1: Rirebuleba, erT
A2: 1 | B2: 2 | C2: 3 | D2: 5
B3: m/p kar-fanjara | C3: m2 | D3: =130*[1]ფართები!E2/1.18 -> 301.86441
B4: aluminis vitraJi | C4: m2 | D4: =160*ფართები!E3/1.18 -> 372.28475
B5: mdf-iT mowyoba | C5: m2 | D5: =230*1.27 -> 292.1
B6: kar-fanjrebis izolacia | C6: grZ.m | D6: =18/1.18 -> 15.254237
B7: iatakebis moWimva | C7: m2 | D7: =12/1.18 -> 10.169492
B8: liTonis binis kari | C8: cali | D8: =1300/1.18 -> 1101.6949
B9: სარდაფის kari | C9: cali | D9: =900/1.18 -> 762.71186
B10: saqvabis kari | C10: cali | D10: =1750/1.18 -> 1483.0508
B11: liTonis sadarbazos kari | C11: cali | D11: =3600/1.18 -> 3050.8475
B12: saxuravze gasasvleli gisosi | C12: cali | D12: =170/1.18 -> 144.0678
B13: liTonis kibis ujredis kari | C13: cali | D13: =1700/1.18 -> 1440.678
B14: liTonis aivnis moajiri | C14: grZ.m | D14: =260/1.18 -> 220.33898
B15: liTonis aivnis moajiri ცხაური | C15: მ2 | D15: =260/1.18 -> 220.33898
B16: liTonis kibis moajiri | C16: grZ.m | D16: =260/1.18 -> 220.33898
B17: liTonis kibis moajiri kedelze misamagrebeli | C17: grZ.m | D17: =85/1.18 -> 72.033898
B18: sakomunikacio liTonis kari xis dgarebiT | C18: cali | D18: =2000/1.18 -> 1694.9153
B19: ezos gamyofi xis tixrebi | C19: cali | D19: =1500/1.18 -> 1271.1864
B20: asaZromi kibe | C20: c | D20: =220/1.18 -> 186.44068
B21: lifti | C21: cali | D21: =(112425*[1]ფართები!E2/1.18)/2 -> 130527.33
B22: domofonis mowyoba | C22: bina | D22: =350/1.18 -> 296.61017
B23: internetis daqselva | C23: bina | D23: =160/1.18 -> 135.59322
B24: inertuli masalis tkepnis Semowmeba | C24: cali | D24: =50/1.18 -> 42.372881
B25: geodeziuri momsaxureba | C25: cali | D25: =550/1.18 -> 466.10169
B26: betonis kubikebis Semowmeba | C26: cali | D26: =50/1.18 -> 42.372881
B27: liTonis furclis mowyoba | C27: მ2 | D27: =210/1.18 -> 177.9661
B28: ინტერნეტის დაქსელვა | C28: მ2 | D28: =90/1.18 -> 76.271186
B29: samisamarTo saxanZro signalizaciis mowyoba | C29: სართული | D29: =5000/1.18 -> 4237.2881
B30: saxanZro mildgarebis sistemis mowyoba | C30: სართული | D30: =1300/1.18 -> 1101.6949
B31: saxanZro saventilacio danadgarebis mowyoba | C31: სართული | D31: =3400/1.18 -> 2881.3559
B32: tenti | C32: m2 | D32: =495/1.18 -> 419.49153
B33: wasasmeli hidroizolacia | C33: m2 | D33: =63/1.18 -> 53.389831

Sheet ხელფასი
A1: # | B1: samuSaos dasaxeleba | C1: gan/ba | D1: Rirebuleba, erT
A2: 1 | B2: 2 | C2: 3 | D2: 5
B3: რკინა ბეტონის მოწყობა | C3: მ2 | D3: =50*1.275 -> 63.75
B4: ბლოკი | C4: მ2 | D4: =1.5*1.275*12.5 -> 23.90625
B5: ზღუდარი | C5: გრძ/მ | D5: =15*1.275 -> 19.125
B6: სარტყელი | C6: გრძ/მ | D6: =35*1.275 -> 44.625
B7: აგური | C7: მ2 | D7: =65*1.275 -> 82.875
B8: aguris ferdili | C8: grZ.m | D8: =35*1.275 -> 44.625
B9: aguris cxauris mowyoba | C9: მ2 | D9: =120*1.275 -> 153
B10: bazaltis sacremlis mowyoba | C10: grZ.m | D10: =16*1.275 -> 20.4
B11: kar-fanjris ferdilebis amovseba | C11: cali | D11: =5*1.275 -> 6.375
B12: საცრემლის მოწყობა | C12: grZ.m | D12: =3*1.275 -> 3.825
B13: saxuravze Tunuqis mowyoba | C13: m2 | D13: =(23+25)*1.275 -> 61.2 | E13: მცირე მეწარმის გამო გაძვირდა, წინა პროექტებზე არ შევუცვალე
B14: mwvane saxuravis mowyoba | C14: m2 | D14: =26.5*1.275 -> 33.7875 | E14: მცირე მეწარმის გამო გაძვირდა, წინა პროექტებზე არ შევუცვალე
B15: k/granitis mowyoba | C15: m2 | D15: =30*1.275 -> 38.25
B16: k/granitis plintusis mowyoba | C16: grZ.m | D16: =10*1.275 -> 12.75
B17: bazaltis safexuris mowyoba | C17: cali | D17: =35*1.275 -> 44.625
B18: T/muyaos kedlis mowyoba | C18: m2 | D18: =12*1.275 -> 15.3
B19: T/muyaos tixris mowyoba | C19: m2 | D19: =16*1.275 -> 20.4
B20: gaTfobis milebis daqselva | C20: bina | D20: =130*1.275 -> 165.75
B21: kanalizaciis qselis mowyoba | C21: cali | D21: =25*1.275 -> 31.875
B22: kanalizaciis qselis mowyoba binaSi | C22: cali | D22: =45*1.275 -> 57.375
B23: ventilaciis qselis mowyoba | C23: cali | D23: =25*1.275 -> 31.875
B24: eleqtroobis mowyoba | C24: cali | D24: =8*1.275 -> 10.2
B25: aivnis sanaTis mowyoba | C25: cali | D25: =12*1.275 -> 15.3
B26: sadarbazos sanaTis mowyoba | C26: cali | D26: =45*1.275 -> 57.375
B27: Telasis kabelis mowyoba | C27: cali | D27: =45*1.275 -> 57.375
B28: sadarbazos daqselva | C28: grZ.m | D28: =3*1.275 -> 3.825
B29: wylis centraluri dgaris mowyoba | C29: grZ.m | D29: =20*1.275 -> 25.5
B30: wylis daqselva binebSi | C30: cali | D30: =(110+40)*1.275 -> 191.25
B31: kuTxovanis mowyoba | C31: grZ.m | D31: =10*1.275 -> 12.75
B32: kedlis gaxvreta kondincionerisTvis | C32: cali | D32: =10*1.275 -> 12.75
B33: Sida aivanze trapebis mowyoba | C33: cali | D33: =20*1.275 -> 25.5
B34: fasadis daTfuneba | C34: m2 | D34: =45*1.275 -> 57.375
B35: sadarbazos lesva | C35: m2 | D35: =18*1.275 -> 22.95
B36: SefiTxvna | C36: m2 | D36: =15*1.275 -> 19.125
B37: Rebva | C37: m2 | D37: =7*1.275 -> 8.925
B38: შავად ლესვა | C38: m2 | D38: =15*1.275 -> 19.125
B39: ეზოს სანიაღვრე ღარის მოწყობა | C39: გრძ/მ | D39: =50*1.275 -> 63.75
B40: კიბის საფეხურის მოწყობა | C40: ცალი | D40: =40*1.275 -> 51
B41: saZirkvlis hidroizolacia | C41: m2 | D41: =8*1.275 -> 10.2
B42: ლითონის შველერის მოწყობა | C42: გრძ/მ | D42: =20*1.275 -> 25.5
